日期,開盤價,最高價,最低價,收盤價,SMA5,SMA10,SMA20,RSI,MACD,MACD_Signal
2023-02-09,89.0,89.8,88.9,89.5,88.97999999999999,89.07000000000001,88.485,54.687499999999964,0.5032461442394833,0.45968591271678055
2023-02-10,88.9,89.5,88.7,89.1,89.08,89.12,88.59,60.344827586206826,0.484946509116682,0.4647380319967609
2023-02-13,88.8,89.5,88.7,89.3,89.26,89.05,88.725,63.79310344827585,0.4810371481616045,0.46799785522972964
2023-02-14,89.7,90.9,89.6,90.6,89.58,89.18,88.88000000000001,68.18181818181817,0.5761960574057667,0.4896374956649371
2023-02-15,90.7,90.8,89.2,89.6,89.62,89.25,88.96000000000001,58.66666666666666,0.5644123417719413,0.5045924648863379
2023-02-16,89.8,90.0,89.2,89.7,89.66,89.32000000000001,89.0,57.53424657534252,0.5567252444317887,0.515019020795428
2023-02-17,89.4,90.1,89.3,90.1,89.85999999999999,89.47,89.05999999999999,50.79365079365075,0.5762669744994042,0.5272686115362233
2023-02-20,89.9,90.7,89.9,90.7,90.14,89.69999999999999,89.2,61.29032258064523,0.6328735496293092,0.5483895991548405
2023-02-21,90.7,91.4,90.3,91.3,90.28,89.93,89.38,68.74999999999996,0.7178744441085314,0.5822865681455788
2023-02-22,90.7,91.7,90.2,91.7,90.7,90.16,89.55499999999999,70.1492537313433,0.808198513069641,0.6274689571303913
2023-02-23,91.7,91.7,91.3,91.3,91.02000000000001,90.34,89.705,70.1492537313433,0.8378461623916564,0.6695443981826443
2023-02-24,91.3,91.4,90.7,90.9,91.17999999999999,90.52,89.82000000000001,68.1159420289855,0.8196174413488819,0.6995590068158919
2023-03-01,89.8,90.6,89.7,90.2,91.08,90.61,89.83000000000001,58.57142857142858,0.7401548543057004,0.7076781763138537
2023-03-02,90.2,90.3,89.7,90.2,90.86000000000001,90.57,89.875,56.060606060606034,0.669463028510549,0.7000351467531928
2023-03-03,90.2,90.7,90.2,90.7,90.66,90.68,89.965,58.57142857142858,0.6463345264942859,0.6892950227014114
2023-03-06,91.1,91.5,90.7,91.5,90.7,90.86,90.09,66.21621621621625,0.6846659334445775,0.6883692048500446
2023-03-07,91.3,91.5,91.0,91.4,90.8,90.99,90.22999999999999,64.38356164383569,0.6989179937794745,0.6904789626359307
2023-03-08,90.9,91.9,90.8,91.8,91.12,91.1,90.4,59.37500000000003,0.7340280924033493,0.6991887885894145
2023-03-09,91.8,91.9,90.4,90.6,91.2,91.03,90.48,57.575757575757585,0.6574445161980833,0.6908399341111483
2023-03-10,89.8,90.3,89.7,89.8,91.02,90.84,90.5,50.68493150684927,0.5261332298127854,0.6578985932514758
2023-03-13,89.8,90.5,89.1,90.1,90.74,90.72,90.53,50.0,0.4411898204817106,0.6145568386975229
2023-03-14,89.2,89.9,89.1,89.4,90.34,90.57000000000001,90.545,41.09589041095889,0.3137704562424801,0.5543995622065143
2023-03-15,89.4,90.1,89.0,89.0,89.78,90.45,90.53,33.80281690140842,0.1784559064112443,0.4792108310474603
2023-03-16,88.5,88.8,88.0,88.5,89.35999999999999,90.28,90.425,27.777777777777686,0.0305205080373554,0.3894727664454394
2023-03-17,88.6,90.7,88.5,90.7,89.54,90.28,90.48,46.66666666666669,0.08976746933373647,0.3295317070230988
2023-03-20,90.5,90.5,89.8,90.0,89.52000000000001,90.13,90.495,45.16129032258061,0.07932258181000407,0.27948988198047986
2023-03-21,90.2,91.1,90.1,90.5,89.74000000000001,90.03999999999999,90.51500000000001,51.64835164835163,0.11012134421382314,0.24561617442714853
2023-03-22,90.7,91.0,90.5,90.9,90.12,89.95,90.525,53.68421052631581,0.1649053165334493,0.22947400284840871
2023-03-23,91.0,91.4,90.8,91.4,90.7,90.03,90.53,53.68421052631581,0.24583400918805864,0.23274600411633872
2023-03-24,91.3,91.5,90.9,91.4,90.84,90.19,90.51500000000001,49.42528735632187,0.3064381529010518,0.24748443387328134
2023-03-27,91.4,91.8,91.4,91.8,91.20000000000002,90.36,90.54,52.222222222222186,0.38233669110466906,0.2744548853195589
2023-03-28,91.8,92.5,91.5,92.3,91.55999999999999,90.65,90.61,52.74725274725275,0.4773302843855163,0.3150299651327504
2023-03-29,92.3,92.6,92.0,92.3,91.84,90.97999999999999,90.715,60.7594936708861,0.5463158029458839,0.3612871326953771
2023-03-30,92.5,92.5,91.8,92.4,92.03999999999999,91.36999999999999,90.825,68.0555555555556,0.6021156730094788,0.40945284075819743
2023-03-31,92.3,92.6,91.8,91.8,92.12,91.48,90.88000000000001,61.333333333333336,0.5911085549908108,0.44578398360472016
2023-04-06,91.9,92.2,91.0,91.4,92.03999999999999,91.62,90.875,63.88888888888885,0.5438396328395356,0.4653951134516833
2023-04-07,91.4,91.4,90.8,90.8,91.74,91.65,90.845,62.16216216216211,0.45274472650631026,0.4628650360626087
2023-04-10,90.9,92.2,90.8,92.1,91.7,91.77,90.86,71.95121951219504,0.47991829303720124,0.46627568745752723
2023-04-11,92.3,92.6,91.9,92.6,91.74,91.89,90.96,64.61538461538451,0.5356250099142414,0.4801455519488701
2023-04-12,92.4,92.8,91.8,92.6,91.89999999999999,92.01,91.1,72.41379310344819,0.5731658848473842,0.4987496185285729
2023-04-13,92.8,93.4,92.4,93.1,92.24,92.14,91.25,72.41379310344819,0.6359324861785041,0.5261861920585592
2023-04-14,93.0,93.8,92.6,93.3,92.73999999999998,92.24,91.445,71.42857142857132,0.6938159204273404,0.5597121377323154
2023-04-17,93.3,94.3,93.1,94.0,93.12,92.41,91.695,72.41379310344819,0.7870999111302552,0.6051896924119035
2023-04-18,93.8,93.8,93.0,93.0,93.2,92.47,91.91999999999999,61.764705882352885,0.7714437795028459,0.638440509830092
2023-04-19,93.5,93.9,92.3,92.5,93.17999999999999,92.53999999999999,92.00999999999999,55.072463768115945,0.7105001575212384,0.6528524393683214
2023-04-20,92.3,92.7,91.6,92.1,92.97999999999999,92.60999999999999,92.115,48.52941176470586,0.6227466057405309,0.6468312726427633
2023-04-21,92.5,93.1,91.9,92.5,92.82000000000001,92.78,92.215,51.38888888888891,0.5788058274993375,0.6332261836140782
2023-04-24,92.6,93.4,91.9,93.0,92.62,92.87,92.32000000000001,53.94736842105258,0.5776692539200639,0.6221147976752754
2023-04-25,93.1,93.6,92.0,92.0,92.42,92.80999999999999,92.35,51.250000000000014,0.4904235708716982,0.5957765523145601
2023-04-26,92.0,93.6,92.0,93.6,92.64000000000001,92.91,92.46,61.95652173913035,0.5441151460232874,0.5854442710563056
2023-04-27,93.1,93.8,92.8,93.7,92.96000000000001,92.97,92.55499999999999,66.66666666666666,0.587957660503605,0.5859469489457655
2023-04-28,94.0,94.4,93.3,93.9,93.24,93.03,92.635,61.84210526315793,0.63156125264058,0.5950698096847284
2023-05-02,93.7,94.2,93.1,93.9,93.42,93.02,92.715,59.15492957746484,0.658526331920072,0.6077611141317972
2023-05-03,93.8,94.0,93.2,93.6,93.74,93.08,92.775,56.75675675675672,0.6482166210202962,0.6158522155094971
2023-05-04,93.6,93.8,93.3,93.7,93.76000000000002,93.2,92.86999999999999,54.28571428571432,0.6407293361726687,0.6208276396421315
2023-05-05,93.9,94.0,93.6,93.8,93.78,93.37,92.99000000000001,53.62318840579708,0.6355386789710025,0.6237698475079058
2023-05-08,94.1,94.1,93.4,93.8,93.76,93.5,93.14,48.38709677419354,0.6242293187249999,0.6238617417513246
2023-05-09,93.7,94.0,93.2,94.0,93.78,93.6,93.235,59.2592592592592,0.6242094003701624,0.6239312734750921
2023-05-10,93.6,93.8,92.8,93.8,93.82000000000001,93.78,93.295,62.74509803921556,0.6011258814269667,0.6193701950654671
2023-05-11,93.4,93.6,92.8,93.4,93.75999999999999,93.76,93.33500000000001,62.74509803921574,0.5442812340335621,0.6043524028590861
2023-05-12,92.8,92.9,91.8,92.5,93.5,93.64,93.305,50.0,0.421747322440055,0.5678313867752799
2023-05-15,91.8,92.9,91.3,92.9,93.32000000000001,93.53999999999999,93.285,49.09090909090915,0.3528475646680391,0.5248346223538317
2023-05-16,92.9,93.2,92.1,93.1,93.14,93.46000000000001,93.24000000000001,61.702127659574366,0.3107996340527137,0.48202762469360816
2023-05-17,92.9,94.3,92.5,94.3,93.24,93.53,93.305,58.139534883720906,0.3700407182252974,0.459630243399946
2023-05-18,93.5,94.3,93.5,94.3,93.42,93.59,93.39500000000001,57.142857142857046,0.4122376848194875,0.45015173168385436
2023-05-19,94.3,94.3,93.4,94.0,93.72,93.61,93.49,51.16279069767435,0.4166684969964791,0.44345508474637935
2023-05-22,94.0,94.2,93.1,93.5,93.84,93.58,93.53999999999999,45.833333333333286,0.37550553221210237,0.429865174239524
2023-05-23,93.7,93.8,93.2,93.5,93.92,93.53,93.565,48.88888888888895,0.33897608080313546,0.4116873555522463
2023-05-24,93.3,93.9,93.0,93.9,93.84,93.53999999999999,93.66,52.083333333333364,0.33840199686956396,0.3970302838157098
2023-05-25,93.3,94.1,93.2,93.2,93.62,93.52000000000001,93.64,44.44444444444451,0.27825532715671386,0.37327529248391067
2023-05-26,92.6,93.6,92.5,93.5,93.52000000000001,93.62,93.63,47.36842105263161,0.25189249103232214,0.348998732193593
2023-05-29,93.5,94.1,93.3,93.3,93.47999999999999,93.66,93.6,43.859649122807,0.21241286169234286,0.321681558093343
2023-05-30,93.3,93.6,92.8,93.5,93.47999999999999,93.7,93.58000000000001,47.36842105263161,0.1950152847257698,0.2963483034198284
2023-05-31,93.1,94.1,93.1,94.1,93.52000000000001,93.68,93.60499999999999,55.932203389830406,0.22702555593743057,0.28248375392334885
2023-06-01,94.1,94.1,93.2,93.3,93.53999999999999,93.58,93.58500000000001,56.896551724137915,0.18569997861393972,0.263126998861467
2023-06-02,93.6,93.9,93.4,93.7,93.58,93.55,93.58,56.896551724137915,0.18311498237915202,0.24712459556500402
2023-06-05,93.5,94.4,93.5,94.0,93.72,93.6,93.59,57.627118644067835,0.20293454393446098,0.23828658523889543
2023-06-06,94.2,94.8,94.0,94.4,93.9,93.69,93.61,50.980392156862834,0.24805887798565607,0.24024104378824757
2023-06-07,94.0,94.5,93.9,94.0,93.88,93.7,93.62,47.27272727272731,0.2486769872510024,0.24192823248079853
2023-06-08,94.1,94.3,93.7,93.8,93.98,93.75999999999999,93.64,48.14814814814813,0.23037291915689195,0.23961716981601722
2023-06-09,94.4,94.4,94.0,94.1,94.05999999999999,93.82,93.72,55.769230769230695,0.23733841658564359,0.23916141916994252
2023-06-12,94.5,94.5,93.9,93.9,94.03999999999999,93.88,93.77000000000001,53.703703703703745,0.2241365878864059,0.2361564529132352
2023-06-13,93.9,94.1,93.3,93.7,93.9,93.9,93.8,48.07692307692305,0.1952845957387126,0.22798208147833068
2023-06-14,93.8,94.2,93.5,93.8,93.86,93.87,93.775,56.52173913043473,0.17843150108465977,0.2180719653995965
2023-06-15,94.1,94.2,93.6,94.1,93.92,93.95,93.765,56.52173913043473,0.18712572605844002,0.21188271753136523
2023-06-16,94.1,94.1,92.5,92.5,93.6,93.83,93.69,43.33333333333334,0.06416962623953282,0.18234009927299877
2023-06-19,92.8,93.0,91.6,91.6,93.14,93.59,93.595,35.820895522387985,-0.10468964998599972,0.12493414942119908
2023-06-20,92.5,92.6,91.9,92.6,92.92,93.41,93.55,39.43661971830985,-0.15602167950758883,0.06874298363544151
2023-06-21,92.4,92.8,91.8,92.8,92.72,93.28999999999999,93.49499999999999,46.15384615384615,-0.1785066407623077,0.01929305875589167
2023-06-26,92.3,92.7,92.0,92.0,92.3,93.10999999999999,93.435,37.681159420289816,-0.2579064635030477,-0.036146845695896206
2023-06-27,88.0,88.4,87.0,87.0,91.2,92.4,93.11,19.82758620689654,-0.7160355956958995,-0.1721245956958969
2023-06-28,87.0,87.2,86.0,86.2,90.12,91.63,92.755,15.833333333333286,-1.1306263904829308,-0.36382495465330367
2023-06-29,86.7,87.0,86.2,86.2,88.84,90.88,92.39,16.379310344827545,-1.4425636070199772,-0.5795726851266384
2023-06-30,86.2,86.3,85.7,85.7,87.42,90.07000000000001,91.97,15.96638655462182,-1.7104054307225738,-0.8057392342458255
2023-07-03,86.1,86.3,85.6,85.6,86.14000000000001,89.22,91.58500000000001,13.67521367521364,-1.9087384215924317,-1.0263390717151468
2023-07-04,85.7,85.7,84.6,84.7,85.68,88.44,91.135,12.903225806451573,-2.114170383993695,-1.2439053341708566
2023-07-05,84.9,85.1,84.7,84.7,85.38000000000001,87.75,90.67,13.11475409836062,-2.251028241897899,-1.4453299157162651
2023-07-06,84.5,84.7,83.2,83.2,84.78,86.81,90.10999999999999,11.029411764705884,-2.452258435504902,-1.6467156196739925
2023-07-07,83.0,83.1,82.0,82.0,84.03999999999999,85.73,89.50999999999999,8.275862068965537,-2.677697949749657,-1.8529120856891255
2023-07-10,82.3,83.0,82.3,82.3,83.38000000000001,84.76,88.93499999999999,11.36363636363636,-2.7998776495169153,-2.0423051984546836
2023-07-11,82.5,83.5,82.3,82.4,82.92,84.3,88.35,12.903225806451687,-2.8557178399383645,-2.20498772675142
2023-07-12,83.2,83.3,82.2,82.4,82.46000000000001,83.92,87.775,5.263157894736921,-2.8669234838305044,-2.337374878167237
2023-07-13,82.5,83.2,82.5,82.7,82.36,83.57000000000001,87.225,6.086956521739154,-2.81909971783341,-2.433719846100472
2023-07-14,83.0,84.2,83.0,83.7,82.7,83.37,86.72,14.529914529914564,-2.6697323830170774,-2.480922353483793
2023-07-17,84.0,84.1,83.0,83.1,82.86,83.12,86.17,23.28767123287672,-2.5701456405482475,-2.498767010896684
2023-07-18,83.0,83.7,82.9,82.9,82.96,82.94000000000001,85.69,25.373134328358233,-2.478786846413982,-2.4947709780001435
2023-07-19,83.1,83.6,82.8,82.8,83.03999999999999,82.75,85.25,25.000000000000014,-2.3869383684294405,-2.473204456086003
2023-07-20,82.9,83.4,82.9,83.2,83.14000000000001,82.75,84.78,31.343283582089597,-2.255866901422408,-2.429736945153284
2023-07-21,83.2,83.6,82.6,82.6,82.91999999999999,82.80999999999999,84.27000000000001,29.166666666666714,-2.1753309440645126,-2.37885574493553
2023-07-24,82.6,82.7,82.2,82.2,82.74,82.8,83.78,31.343283582089597,-2.119351707455735,-2.326954937439571
2023-07-25,82.5,82.5,82.0,82.1,82.58,82.77000000000001,83.535,30.882352941176492,-2.059318382962175,-2.273427626544092
2023-07-26,82.2,83.0,82.1,83.0,82.62,82.83,83.375,48.38709677419354,-1.9170208394648114,-2.202146269128236
2023-07-27,83.0,83.6,83.0,83.3,82.63999999999999,82.89,83.22999999999999,62.264150943396146,-1.7597561448219778,-2.1136682442669845
2023-07-28,83.3,83.6,83.0,83.0,82.72,82.82,83.095,56.60377358490565,-1.6404204878246418,-2.0190186929785163
2023-07-31,83.1,83.8,83.1,83.2,82.92,82.83,82.975,57.407407407407355,-1.5122752239341253,-1.9176699991696382
2023-08-01,83.6,84.3,83.6,84.2,83.34,82.96,82.95,64.06249999999994,-1.31487052745085,-1.7971101048258806
2023-08-02,84.0,84.2,83.4,83.5,83.44,83.03,82.89000000000001,55.88235294117643,-1.2010649045371622,-1.677901064768137
2023-08-04,83.6,84.3,83.5,84.0,83.58,83.10999999999999,82.93,52.38095238095235,-1.058327565735425,-1.5539863649615946
2023-08-07,84.0,84.7,84.0,84.2,83.82,83.27000000000001,83.04,59.32203389830512,-0.9184811884322386,-1.4268853296557236
2023-08-08,84.3,84.4,83.6,83.7,83.92,83.42,83.10999999999999,56.451612903225744,-0.8383339562040106,-1.3091750549653811
2023-08-09,83.9,84.3,83.7,84.3,83.94,83.64,83.20500000000001,61.19402985074624,-0.7181236294587734,-1.1909647698640595
2023-08-10,84.5,84.7,84.0,84.5,84.14,83.78999999999999,83.31,59.99999999999996,-0.59980358851071,-1.0727325335933897
2023-08-11,84.4,84.5,84.0,84.0,84.14,83.86,83.375,60.937500000000036,-0.5401533730840384,-0.9662167014915195
2023-08-14,84.0,84.0,82.8,83.0,83.9,83.86,83.34,55.71428571428569,-0.5670353595949393,-0.8863804331122035
2023-08-15,83.0,83.1,82.4,82.4,83.64,83.78,83.30499999999999,52.00000000000008,-0.6294980514813062,-0.8350039567860241
2023-08-16,81.9,82.0,80.6,80.9,82.96000000000001,83.45,83.20500000000001,37.03703703703706,-0.7909204106346692,-0.8261872475557532
2023-08-17,80.5,80.5,79.0,79.8,82.02000000000001,83.08,83.05499999999999,30.337078651685403,-0.996126869679216,-0.8601751719804458
2023-08-18,79.8,80.6,79.2,80.3,81.28,82.71,82.91,35.164835164835154,-1.1056632479086517,-0.9092727871660871
2023-08-21,80.3,80.3,79.6,80.1,80.7,82.3,82.785,32.967032967032935,-1.1948366126421632,-0.9663855522613024
2023-08-22,80.2,80.2,79.5,79.9,80.2,81.91999999999999,82.66999999999999,24.09638554216869,-1.2670398287422842,-1.0265164075574988
2023-08-23,79.9,79.9,79.2,79.4,79.9,81.43,82.535,24.691358024691382,-1.3490561396043006,-1.0910243539668594
2023-08-24,79.4,79.8,79.1,79.7,79.88,80.95,82.37,22.784810126582272,-1.3740084499422949,-1.1476211731619466
2023-08-25,79.6,79.7,79.2,79.3,79.67999999999999,80.48,82.17,19.753086419753032,-1.409808596788963,-1.20005865788735
2023-08-28,79.0,79.8,79.0,79.6,79.58000000000001,80.14,82.0,24.050632911392313,-1.3978593261213774,-1.2396187915341557
2023-08-29,79.6,80.4,79.5,80.3,79.66,79.93,81.85499999999999,25.0,-1.3167268852721747,-1.2550404102817596
2023-08-30,80.3,80.8,79.9,80.3,79.84,79.86999999999999,81.66,23.076923076923052,-1.23815614802254,-1.2516635578299158
2023-08-31,80.3,80.3,79.5,79.5,79.8,79.84,81.46000000000001,22.2222222222222,-1.2263055003423773,-1.2465919463324082
2023-09-01,79.6,80.4,79.5,80.2,79.97999999999999,79.83000000000001,81.27,32.05128205128206,-1.1472053575691206,-1.2267146285797508
2023-09-04,80.0,81.7,80.0,81.5,80.35999999999999,79.97,81.13499999999999,44.705882352941146,-0.9684550422046669,-1.175062711304734
2023-09-05,81.5,82.1,81.5,82.0,80.7,80.18,81.05,57.33333333333329,-0.7774859342444387,-1.095547355892675
2023-09-06,81.9,81.9,81.2,81.2,80.88000000000001,80.35999999999999,80.895,59.72222222222227,-0.6828236880163843,-1.013002622317417
2023-09-07,81.0,81.6,80.8,81.3,81.24000000000001,80.52000000000001,80.73499999999999,57.35294117647061,-0.5928994359799731,-0.9289819850499281
2023-09-08,81.7,82.2,81.5,82.1,81.61999999999999,80.8,80.64,63.51351351351356,-0.45187160961549466,-0.8335599099630415
2023-09-11,82.3,82.5,82.2,82.4,81.8,81.08000000000001,80.60999999999999,66.66666666666666,-0.3122985649183647,-0.7293076409541062
2023-09-12,82.6,82.6,82.1,82.4,81.88000000000001,81.28999999999999,80.61,71.42857142857143,-0.1993875063674153,-0.6233236140367681
2023-09-13,82.5,82.7,82.1,82.5,82.14,81.51,80.69,70.58823529411764,-0.10067499603412955,-0.5187938904362404
2023-09-14,83.0,83.3,82.5,83.1,82.5,81.87,80.85499999999999,77.14285714285718,0.02567440660344289,-0.40990023102830375
2023-09-15,83.2,83.3,82.2,83.3,82.74,82.17999999999999,81.00500000000001,76.8115942028986,0.14032793395078613,-0.2998545980324858
2023-09-18,82.6,82.8,82.0,82.3,82.72,82.25999999999999,81.115,63.888888888888914,0.14878493761094091,-0.21012669090380048
2023-09-19,82.2,82.7,82.1,82.4,82.72,82.3,81.24,64.38356164383569,0.16169244831208118,-0.13576286306062416
2023-09-20,82.4,82.6,82.0,82.4,82.7,82.42,81.39,72.30769230769235,0.1699625213877738,-0.07461778617094457
2023-09-21,82.1,82.2,81.2,81.2,82.32,82.41,81.465,57.14285714285714,0.07877853281301839,-0.04393852237415198
2023-09-22,81.0,81.5,80.6,81.1,81.88000000000001,82.30999999999999,81.55499999999999,46.551724137931,-0.0015368831109299208,-0.03545819452150757
2023-09-25,81.1,81.6,81.0,81.6,81.74,82.22999999999999,81.655,46.551724137931,-0.024558512303642033,-0.03327825807793447
2023-09-26,81.1,81.1,80.4,80.4,81.34,82.03,81.66,43.54838709677422,-0.1380420279127179,-0.05423101204489116
2023-09-27,80.1,80.3,79.7,79.8,80.82000000000001,81.76,81.63499999999999,38.80597014925376,-0.27324373355615705,-0.09803355634714435
2023-09-28,80.0,80.4,79.6,79.8,80.53999999999999,81.42999999999999,81.65,30.508474576271283,-0.3760571071109098,-0.15363826649989745
2023-10-02,79.9,80.0,79.5,79.6,80.24,81.06,81.62,25.862068965517196,-0.468277760384737,-0.21656616527686537
2023-10-03,79.6,79.6,79.1,79.1,79.74,80.74,81.5,23.809523809523753,-0.5750799501532953,-0.28826892225215134
2023-10-04,78.9,78.9,78.2,78.4,79.34,80.34,81.32000000000001,20.289855072463837,-0.7080437176340411,-0.3722238813285293
2023-10-05,78.7,78.9,78.4,78.7,79.11999999999999,79.97,81.19500000000001,16.66666666666677,-0.7802171113282412,-0.4538225273284717
2023-10-06,78.8,79.3,78.4,78.8,78.92,79.72999999999999,81.07000000000001,15.384615384615387,-0.8198946464296455,-0.5270369511487065
2023-10-11,79.9,79.9,79.1,79.6,78.91999999999999,79.58000000000001,80.945,28.571428571428527,-0.7778198417777133,-0.577193529274508
2023-10-12,80.1,80.7,79.8,80.7,79.24000000000001,79.49,80.86,38.35616438356162,-0.6482419197082123,-0.5914032073612489
2023-10-13,80.4,80.5,79.9,80.5,79.66,79.5,80.765,37.3333333333333,-0.5552877993437022,-0.5841801257577396
2023-10-16,80.0,80.4,79.8,80.3,79.97999999999999,79.55,80.655,43.07692307692303,-0.492086846928828,-0.5657614699919573
2023-10-17,80.0,80.3,79.7,79.9,80.2,79.56,80.495,41.176470588235354,-0.46887143581258783,-0.5463834631560834
2023-10-18,80.2,80.2,79.2,80.1,80.3,79.61,80.335,38.46153846153841,-0.4293850432193693,-0.5229837791687406
2023-10-19,79.6,79.9,79.3,79.3,80.02,79.63,80.18499999999999,40.983606557376945,-0.4573727978176265,-0.5098615828985178
2023-10-20,79.0,79.2,78.5,78.6,79.64000000000001,79.65,79.995,40.322580645161224,-0.5299287560035282,-0.5138750175195199
2023-10-23,78.5,78.6,78.1,78.1,79.2,79.58999999999999,79.78,37.31343283582082,-0.6206215579326084,-0.5352243256021376
2023-10-24,78.1,78.3,77.8,77.8,78.78,79.49,79.60999999999999,36.76470588235289,-0.7085361855644265,-0.5698866975945954
2023-10-25,78.0,78.2,77.8,77.8,78.32000000000001,79.30999999999999,79.44500000000001,39.682539682539655,-0.7693406808820669,-0.6097774942520897
2023-10-26,77.6,77.6,77.0,77.1,77.88,78.95,79.22,39.68253968253956,-0.8640525711636116,-0.6606325096343941
2023-10-27,77.1,77.5,77.1,77.2,77.6,78.62,79.06,37.70491803278687,-0.9204330826814839,-0.7125926242438121
2023-10-30,77.4,77.8,77.1,77.2,77.42,78.30999999999999,78.93,36.666666666666714,-0.9541165822162156,-0.7608974158382928
2023-10-31,77.2,77.4,77.0,77.0,77.25999999999999,78.02,78.78999999999999,25.92592592592601,-0.9855880809147521,-0.8058355488535848
2023-11-01,77.0,77.1,76.8,76.8,77.06,77.69,78.65,6.6666666666666,-1.0149678809672764,-0.8476620152763231
2023-11-02,76.7,77.4,76.7,77.2,77.08,77.47999999999999,78.555,14.893617021276654,-0.9945108253848787,-0.8770317772980343
2023-11-03,77.9,77.9,77.4,77.9,77.22,77.41,78.53,26.92307692307702,-0.911309305194834,-0.8838872828773943
2023-11-06,78.4,79.0,78.0,78.6,77.5,77.46000000000001,78.525,38.18181818181808,-0.7798971819098313,-0.8630892626838818
2023-11-07,78.5,78.5,77.7,78.1,77.72,77.49,78.49,32.7586206896552,-0.7079372883741684,-0.8320588678219392
2023-11-08,78.0,78.0,77.6,77.9,77.94000000000001,77.5,78.405,36.538461538461625,-0.6594452089559297,-0.7975361360487373
2023-11-09,78.0,78.6,77.8,78.3,78.16,77.62,78.285,46.9387755102041,-0.58202896201621,-0.7544347012422319
2023-11-10,78.0,78.1,77.6,77.7,78.12,77.66999999999999,78.14500000000001,46.00000000000008,-0.5626056464706579,-0.7160688902879171
2023-11-13,77.7,77.8,77.3,77.5,77.9,77.7,78.00500000000001,46.9387755102041,-0.5569309047016873,-0.6842412931706712
2023-11-14,77.6,78.0,77.3,77.8,77.84,77.78,77.9,50.0,-0.5222064670798261,-0.6518343279525022
2023-11-15,78.6,79.9,78.3,79.9,78.24,78.09,77.89,71.21212121212132,-0.32152827273699813,-0.5857731169094014
2023-11-16,80.4,81.2,80.2,81.2,78.82000000000001,78.49000000000001,77.985,75.6410256410257,-0.05693392363379246,-0.48000527825427963
2023-11-17,81.4,81.7,80.6,80.8,79.44,78.78,78.095,71.95121951219511,0.11910932906683058,-0.3601823567900576
2023-11-20,80.9,81.0,80.1,80.8,80.1,79.0,78.23,73.75000000000003,0.25567758313064815,-0.23701036880591647
2023-11-21,81.0,81.9,80.8,81.9,80.92,79.38,78.435,78.6516853932585,0.44751108607944445,-0.10010607782884429
2023-11-22,81.8,81.8,81.1,81.3,81.2,79.72,78.60999999999999,72.52747252747251,0.5448449007991059,0.028884117896745744
2023-11-23,81.2,81.2,80.5,80.9,81.14,79.97999999999999,78.8,67.04545454545458,0.5829856969378966,0.13970443370497593
2023-11-24,81.5,81.9,81.2,81.6,81.3,80.37,79.02,67.04545454545458,0.6620648312695607,0.2441765132178929
2023-11-27,81.7,81.9,81.0,81.4,81.42,80.76,79.22999999999999,69.41176470588249,0.7005221036801856,0.3354456313103515
2023-11-28,81.8,82.0,81.4,82.0,81.44,81.17999999999999,79.47999999999999,73.03370786516857,0.7705325352989831,0.42246301210807785
2023-11-29,81.9,81.9,81.3,81.4,81.46000000000001,81.33,79.71000000000001,67.03296703296712,0.7687397676464798,0.49171836321575824
2023-11-30,81.1,81.2,80.7,80.8,81.44000000000001,81.28999999999999,79.89,67.03296703296701,0.7107113625894357,0.5355169630904938
2023-12-01,80.8,81.0,80.5,80.7,81.26,81.28,80.03,67.77777777777783,0.649171029708981,0.5582477764141912
2023-12-04,80.9,81.2,80.7,80.9,81.16,81.29,80.145,67.41573033707871,0.6095121246919888,0.5685006460697507
2023-12-05,80.6,80.9,80.2,80.7,80.9,81.16999999999999,80.275,55.71428571428571,0.5555399099386022,0.565908498843521
2023-12-06,80.9,81.0,80.4,80.4,80.7,81.08,80.4,43.33333333333334,0.48299142362255054,0.549325083799327
2023-12-07,80.3,80.4,79.9,79.9,80.52000000000001,80.98,80.47999999999999,42.62295081967218,0.3807612258122788,0.5156123122019174
2023-12-08,79.9,80.1,79.7,80.0,80.38,80.82000000000001,80.595,43.54838709677419,0.3043043901966769,0.4733507278008693
2023-12-11,80.1,80.1,79.6,79.9,80.18,80.67,80.715,30.769230769230617,0.23295724673491236,0.4252720315876779
2023-12-12,79.9,80.0,79.4,79.6,79.96000000000001,80.43,80.80499999999999,32.65306122448963,0.15047208024225256,0.37031204131859285
2023-12-13,79.7,79.7,78.9,78.9,79.66,80.18,80.75500000000001,30.769230769230617,0.028291712417612302,0.30190797553839677
2023-12-14,79.4,80.0,78.8,79.8,79.64,80.08,80.685,33.33333333333324,0.004038812128584368,0.2423341428564343
2023-12-15,79.9,80.4,79.7,79.7,79.58000000000001,79.98,80.63000000000001,33.962264150943284,-0.02298598225316084,0.18927011783451528
2023-12-18,79.7,80.5,79.7,80.5,79.7,79.94,80.615,36.3636363636363,0.019920358128686644,0.15540016589334957
2023-12-19,80.2,80.3,79.7,79.8,79.74,79.85,80.51,35.714285714285595,-0.0025310316932660726,0.12381392637602645
2023-12-20,80.0,80.3,79.7,79.9,79.94,79.8,80.44000000000001,41.17647058823535,-0.012115100280922775,0.09662812104463661
2023-12-21,79.8,79.9,79.3,79.5,79.88,79.76,80.37,38.88888888888885,-0.051394754014481236,0.06702354603281305
2023-12-22,79.3,79.3,78.7,78.8,79.7,79.64,80.23,32.20338983050837,-0.13742417213605052,0.026134002399040335
2023-12-25,78.5,78.8,78.3,78.7,79.34,79.52000000000001,80.095,32.75862068965512,-0.21123725844627472,-0.02134024977002268
2023-12-26,79.1,79.1,78.7,78.8,79.14,79.44,79.935,35.714285714285595,-0.25868355389221165,-0.06880891059446047
2023-12-27,78.9,79.7,78.8,79.6,79.08,79.51,79.845,47.45762711864396,-0.2290909528439613,-0.10086531904436065
2023-12-28,79.4,79.8,79.2,79.8,79.14,79.51,79.795,48.33333333333331,-0.187340727488845,-0.11816040073325752
2023-12-29,79.7,79.7,79.0,79.2,79.22,79.46000000000001,79.72,44.615384615384585,-0.2003587477663018,-0.13460007013986638
2024-01-02,79.1,79.3,78.8,79.2,79.32000000000001,79.33,79.635,46.77419354838715,-0.20827476082966712,-0.14933500827782653
2024-01-03,78.6,78.8,78.0,78.1,79.17999999999999,79.16,79.50500000000001,43.939393939393845,-0.2998525515678523,-0.17943851693583168
2024-01-04,78.1,78.4,78.1,78.3,78.91999999999999,79.0,79.4,37.288135593220346,-0.35222999386623144,-0.21399681232191164
2024-01-05,78.3,78.4,78.1,78.1,78.58,78.85999999999999,79.31,36.66666666666663,-0.40520685043770754,-0.25223881994507086
2024-01-08,78.1,78.7,78.1,78.1,78.35999999999999,78.78999999999999,79.215,26.923076923076948,-0.442095192760803,-0.2902100945082173
2024-01-09,78.2,78.2,77.6,77.6,78.03999999999999,78.67999999999999,79.1,28.000000000000043,-0.5058442336947166,-0.33333692234551715
2024-01-10,77.6,77.7,77.0,77.0,77.82000000000001,78.5,78.97,23.636363636363583,-0.5978887046977093,-0.3862472788159556
2024-01-11,76.7,76.9,75.5,75.9,77.34,78.13,78.82000000000001,20.967741935483858,-0.7509390599883972,-0.45918563505044396
2024-01-12,75.9,76.4,75.7,76.0,76.92,77.75,78.63,24.99999999999993,-0.8543153889484785,-0.5382115858300509
2024-01-15,76.0,76.3,75.5,75.5,76.4,77.38,78.42,23.333333333333243,-0.9654584912511268,-0.6236609669142661
2024-01-16,75.1,75.3,73.3,73.6,75.6,76.82000000000001,78.075,16.66666666666663,-1.193100996003892,-0.7375489727321913
2024-01-17,73.0,73.1,71.3,71.8,74.55999999999999,76.19,77.675,5.681818181818187,-1.5014465368101355,-0.8903284855477802
2024-01-18,71.7,71.7,70.8,71.1,73.6,75.47,77.23499999999999,3.2258064516128684,-1.7817577549710535,-1.068614339432435
2024-01-19,70.9,71.6,70.8,71.2,72.64,74.78,76.82,4.545454545454618,-1.9730926665789355,-1.2495100048617351
2024-01-22,71.4,71.4,70.6,70.6,71.66,74.03,76.41,4.255319148936223,-2.1483767977067174,-1.4292833634307316
2024-01-23,70.7,71.4,70.7,71.1,71.16,73.38,76.03,10.227272727272776,-2.2213387033173007,-1.5876944314080454
2024-01-24,71.1,72.3,71.1,72.1,71.22,72.89,75.695,17.708333333333357,-2.173416108529949,-1.7048387668324263
2024-01-25,72.2,72.3,71.5,71.7,71.34,72.47,75.3,17.34693877551024,-2.1430104732004907,-1.7924731081060392
2024-01-26,71.5,72.9,71.3,72.7,71.64,72.14,74.945,25.00000000000003,-2.0149945426922216,-1.8369773950232757
2024-01-29,72.9,73.7,72.8,73.6,72.24000000000001,71.95,74.66499999999999,32.142857142857125,-1.8199393886735749,-1.8335697937533357
2024-01-30,73.6,73.7,72.0,72.0,72.42,71.78999999999999,74.30499999999999,29.508196721311464,-1.774013676679786,-1.8216585703386259
2024-01-31,72.0,72.5,71.8,72.1,72.41999999999999,71.82000000000001,74.005,33.03571428571422,-1.70983810544044,-1.7992944773589887
2024-02-01,72.5,73.5,72.4,73.5,72.78,72.05999999999999,73.765,40.0,-1.5283918532678342,-1.745113952540758
2024-02-02,73.2,73.5,72.8,73.5,72.94,72.28999999999999,73.535,41.66666666666667,-1.3688155377107591,-1.6698542695747582
2024-02-05,72.4,72.9,72.2,72.4,72.7,72.47,73.24999999999999,44.64285714285719,-1.3159416091379939,-1.5990717374874055
2024-02-15,72.3,72.5,71.4,72.4,72.78,72.6,72.99,53.191489361702175,-1.2595196809497793,-1.5311613261798804
2024-02-16,72.5,73.3,72.5,73.0,72.96000000000001,72.69,72.78999999999999,60.21505376344091,-1.1530977180564435,-1.455548604555193
2024-02-19,73.6,74.4,73.6,73.8,73.02000000000001,72.9,72.685,63.000000000000014,-0.9927603087462131,-1.3629909453933973
2024-02-20,73.8,73.9,73.2,73.7,73.06,73.0,72.57,66.31578947368433,-0.863803531551639,-1.2631534626250456
2024-02-21,73.7,73.8,73.2,73.5,73.28,72.99,72.47,63.043478260869655,-0.7688795205695413,-1.1642986742139447
2024-02-22,73.5,73.5,73.0,73.2,73.44,73.11,72.45,56.4705882352942,-0.7096783208477291,-1.0733746035407017
2024-02-23,72.5,72.7,72.0,72.0,73.24,73.1,72.46000000000001,51.61290322580645,-0.7509346080075829,-1.008886604434078
2024-02-26,71.8,72.2,71.7,72.1,72.9,72.96,72.51,46.42857142857137,-0.7667230425857383,-0.9604538920644102
2024-02-27,71.9,71.9,71.5,71.8,72.52000000000001,72.78999999999999,72.53999999999999,38.461538461538424,-0.7942869381374464,-0.9272205012790176
2024-02-29,71.8,72.2,71.5,71.7,72.16,72.72,72.595,47.619047619047635,-0.8148080877789567,-0.9047380185790055
2024-03-01,71.7,71.8,71.3,71.6,71.84,72.64,72.62,46.031746031746025,-0.8295775572954796,-0.8897059263223004
2024-03-04,71.1,71.2,70.8,70.8,71.6,72.42,72.555,26.315789473684077,-0.8955128675173114,-0.8908673145613026
2024-03-05,70.8,71.2,70.4,70.4,71.25999999999999,72.08000000000001,72.49,24.59016393442613,-0.9688751434174065,-0.9064688803325235
2024-03-06,70.4,71.0,70.4,70.5,71.0,71.76,72.38,31.37254901960766,-1.007334189852898,-0.9266419422365985
2024-03-07,70.3,70.4,69.7,69.8,70.61999999999999,71.39,72.19000000000001,27.58620689655153,-1.0818267853239831,-0.9576789108540754
2024-03-08,69.5,69.6,68.6,68.6,70.02000000000001,70.92999999999999,72.02000000000001,15.624999999999844,-1.223587915276255,-1.0108607117385113
2024-03-11,68.0,69.3,67.8,68.9,69.64,70.61999999999999,71.86,8.47457627118645,-1.2967786818738887,-1.0680443057655868
2024-03-12,69.0,69.6,69.0,69.3,69.41999999999999,70.34,71.65,14.51612903225795,-1.3074349385315998,-1.1159224323187895
2024-03-13,69.3,69.3,68.1,68.4,69.0,70.0,71.395,13.043478260869492,-1.3726791859012337,-1.1672737830352784
2024-03-14,68.5,69.3,68.4,69.3,68.9,69.76,71.24000000000001,23.999999999999858,-1.3363585342859778,-1.2010907332854184
2024-03-15,69.4,69.4,68.6,68.6,68.9,69.46000000000001,71.05,25.714285714285566,-1.3485134820599427,-1.2305752830403234
2024-03-18,68.8,68.9,68.2,68.4,68.8,69.22,70.82000000000001,23.943661971830934,-1.3586233302354458,-1.256184892479348
2024-03-19,68.0,68.0,67.8,67.8,68.5,68.96,70.52000000000001,22.972972972972897,-1.3989245123645588,-1.2847328164563903
2024-03-20,67.8,67.8,66.5,66.8,68.18,68.59,70.175,20.48192771084328,-1.4943294326951815,-1.3266521397041486
2024-03-21,66.6,67.9,66.4,67.4,67.8,68.35,69.87,26.136363636363654,-1.5041842342910172,-1.3621585586215224
2024-03-22,67.4,67.4,66.7,67.0,67.47999999999999,68.19,69.56,27.380952380952365,-1.5266723639254707,-1.395061319682312
2024-03-25,66.9,68.0,66.8,67.8,67.36,68.08,69.35,35.22727272727266,-1.4630756294347975,-1.4086641816328092
2024-03-26,67.9,69.4,67.8,69.3,67.66,68.08000000000001,69.21000000000001,44.11764705882352,-1.276917781848823,-1.382314901676012
2024-03-27,69.2,69.2,68.5,68.5,68.0,68.09,69.045,43.68932038834953,-1.1803335105851858,-1.3419186234578468
2024-03-28,68.5,68.6,68.0,68.1,68.14,67.97,68.865,47.368421052631575,-1.1231198107565916,-1.2981588609175958
2024-03-29,68.5,69.3,68.3,68.9,68.52000000000001,68.0,68.72999999999999,50.0,-1.0016775124776842,-1.2388625912296136
2024-04-01,69.4,71.3,69.4,70.9,69.14,68.25,68.735,56.896551724137964,-0.7355711247950296,-1.138204297942697
2024-04-02,70.9,71.0,69.9,70.8,69.44,68.55,68.75500000000001,61.11111111111105,-0.5266778452739374,-1.0158990074089451
2024-04-03,70.3,70.7,69.8,70.0,69.74,68.87,68.73,53.27102803738318,-0.420830656529219,-0.8968853372329999
2024-04-08,69.9,70.6,69.4,70.4,70.2,69.17,68.75999999999999,58.65384615384618,-0.3011973245322963,-0.7777477346928592
2024-04-09,70.8,71.7,70.7,71.5,70.72,69.62,68.905,63.716814159291964,-0.1162857701240938,-0.6454553417791061
2024-04-10,71.8,72.4,71.5,72.0,70.94000000000001,70.04,69.05999999999999,68.74999999999997,0.0697991886871705,-0.5024044356858508
2024-04-11,71.6,71.8,70.7,70.9,70.96000000000001,70.2,69.14,68.14159292035399,0.12704752748588533,-0.3765140430515036
2024-04-12,70.1,70.2,69.6,69.7,70.9,70.32000000000001,69.20500000000001,59.66386554621846,0.07472588378134049,-0.2862660576849348
2024-04-15,69.7,70.4,69.5,69.6,70.74000000000001,70.47,69.22,61.20689655172409,0.024904357986827108,-0.22403197455058244
2024-04-16,69.5,69.5,68.0,68.0,70.04,70.38,69.19,50.80645161290324,-0.1420487389517575,-0.20763532743081747
2024-04-17,68.0,68.2,67.6,67.8,69.2,70.07000000000001,69.16,43.243243243243256,-0.2871880742859503,-0.22354587680184404
2024-04-18,67.6,68.3,67.2,68.1,68.64,69.8,69.175,48.113207547169786,-0.3736968062510755,-0.25357606269169036
2024-04-19,67.6,68.3,66.8,67.1,68.12,69.51,69.19,45.53571428571429,-0.5169877295143408,-0.30625839605622046
2024-04-22,67.9,69.9,67.6,69.7,68.14,69.44,69.30499999999999,53.07692307692306,-0.4159536924184408,-0.32819745532866457
2024-04-23,69.7,69.8,68.9,69.1,68.35999999999999,69.2,69.41,42.2413793103448,-0.37991900589125294,-0.33854176544118225
2024-04-24,69.4,69.8,68.7,68.8,68.56,68.88,69.46,41.52542372881357,-0.3712887642429763,-0.3450911652015411
2024-04-25,68.5,68.5,67.5,67.9,68.52000000000001,68.58,69.39,41.176470588235325,-0.43209083971235884,-0.36249110010370467
2024-04-26,67.7,68.5,67.6,67.7,68.64,68.38,69.35,38.46153846153846,-0.49075809724863007,-0.38814449953268976
2024-04-29,68.1,69.4,68.1,69.3,68.55999999999999,68.35,69.41,40.983606557377044,-0.40349446030698743,-0.3912144916875493
2024-04-30,69.0,69.1,68.5,68.5,68.44000000000001,68.4,69.39,36.0,-0.3943449503349541,-0.39184058341703026
2024-05-02,68.5,68.9,68.0,68.8,68.44,68.5,69.285,41.025641025640994,-0.3587509473615995,-0.38522265620594415
2024-05-03,69.0,69.7,68.2,68.3,68.52,68.52000000000001,69.16,43.63636363636361,-0.36666161799658425,-0.3815104485640722
2024-05-06,68.4,69.2,68.4,69.0,68.78,68.71000000000001,69.10999999999999,47.4137931034483,-0.31284050105253414,-0.3677764590617646
2024-05-07,69.0,69.1,68.1,68.3,68.58000000000001,68.57,69.00500000000001,51.4018691588785,-0.32294828121257524,-0.3588108234919267
2024-05-08,68.3,68.7,68.1,68.3,68.53999999999999,68.49,68.845,52.38095238095237,-0.327187159899637,-0.35248609077346876
2024-05-09,68.2,68.2,67.7,67.7,68.32000000000001,68.38,68.63000000000001,48.14814814814819,-0.37464283796045095,-0.35691744021086524
2024-05-10,67.9,68.7,67.7,68.6,68.38,68.45,68.515,57.00934579439252,-0.3357589066638127,-0.35268573350145477
2024-05-13,68.7,69.2,68.4,68.7,68.32000000000001,68.55,68.465,43.90243902439023,-0.29349076782270345,-0.3408467403657045
2024-05-14,68.7,69.0,68.2,68.4,68.34,68.46000000000001,68.405,45.569620253164615,-0.28096170442499613,-0.32886973317756285
2024-05-15,68.8,69.0,68.1,68.1,68.3,68.42,68.41,45.56962025316454,-0.2918752678094165,-0.3214708401039336
2024-05-16,68.8,68.8,68.0,68.4,68.44,68.38,68.44000000000001,53.42465753424656,-0.27316794262273447,-0.3118102606076938
2024-05-17,67.9,68.6,67.9,68.3,68.38000000000001,68.38,68.45,54.166666666666615,-0.26337538935541716,-0.3021232863572385
2024-05-20,68.6,68.7,68.0,68.1,68.26,68.28999999999999,68.5,39.655172413793125,-0.2686561480279721,-0.29542985869138527
2024-05-21,68.1,68.2,67.0,67.4,68.06,68.2,68.385,40.35087719298253,-0.3255723418822072,-0.3014583553295497
2024-05-22,67.4,67.6,67.0,67.5,67.94000000000001,68.11999999999999,68.305,38.18181818181824,-0.3584773673591002,-0.3128621577354598
2024-05-23,67.0,67.3,66.8,67.0,67.66,68.05,68.215,38.18181818181824,-0.42005848569731086,-0.33430142332783
2024-05-24,67.0,67.0,66.1,66.3,67.25999999999999,67.82000000000001,68.135,25.454545454545496,-0.5193592651851162,-0.3713129916992873
2024-05-27,66.2,66.5,65.4,66.5,66.94000000000001,67.6,68.075,32.00000000000007,-0.5752859811349822,-0.4121075895864263
2024-05-28,66.4,67.4,66.3,67.1,66.88,67.47,67.965,39.28571428571428,-0.5646839952707978,-0.44262287072330064
2024-05-29,67.0,67.0,66.1,66.1,66.6,67.27,67.845,36.66666666666663,-0.6297145306162975,-0.48004120270190004
2024-05-30,65.8,65.9,65.5,65.6,66.32,66.99,67.685,23.214285714285822,-0.7133741861648559,-0.5267077993944912
2024-05-31,66.2,66.3,65.3,65.3,66.11999999999999,66.69,67.535,20.689655172413808,-0.7947215039175575,-0.5803105402991044
2024-06-03,65.5,65.7,64.6,64.9,65.8,66.37,67.33,20.338983050847474,-0.8813073340210309,-0.6405098990434898
2024-06-04,64.5,64.7,63.6,63.7,65.12,66.0,67.1,17.647058823529463,-1.0348283424038556,-0.7193735877155629
2024-06-05,63.7,63.7,62.6,62.6,64.41999999999999,65.51,66.815,11.842105263157805,-1.2310647068929228,-0.8217118115510349
2024-06-06,62.6,63.0,62.1,62.4,63.779999999999994,65.05,66.55,11.6883116883116,-1.3867363348328752,-0.9347167162074029
2024-06-07,62.1,63.0,61.6,62.7,63.260000000000005,64.69,66.255,15.384615384615358,-1.4689663984914318,-1.0415666526642087
2024-06-11,62.5,62.6,61.5,61.5,62.580000000000005,64.19,65.895,14.457831325301157,-1.612377799950508,-1.1557288821214686
2024-06-12,61.2,61.4,60.6,60.9,62.02,63.56999999999999,65.52000000000001,12.500000000000014,-1.7542257321483632,-1.2754282521268476
2024-06-13,60.9,61.4,60.6,60.6,61.620000000000005,63.02,65.145,12.790697674418624,-1.8693005994583842,-1.394202721593155
2024-06-14,60.7,61.3,60.1,61.0,61.339999999999996,62.56,64.775,18.07228915662651,-1.906247568439639,-1.4966116909624518
2024-06-17,61.0,61.0,60.2,60.2,60.84000000000001,62.05,64.36999999999999,14.606741573033688,-1.9772886687133848,-1.5927470865126385
2024-06-18,60.3,60.7,59.8,60.5,60.64000000000001,61.60999999999999,63.989999999999995,11.6279069767442,-1.9864828222758604,-1.671494233665283
2024-06-19,60.5,60.6,60.0,60.0,60.46,61.24000000000001,63.61999999999999,12.345679012345684,-2.0109342779470225,-1.739382242521631
2024-06-20,60.2,60.6,60.0,60.5,60.44,61.029999999999994,63.269999999999996,18.518518518518533,-1.9672887315019523,-1.7849635403176953
2024-06-21,61.0,61.6,60.2,60.2,60.279999999999994,60.81,62.92999999999999,18.518518518518533,-1.9346058819338552,-1.8148920086409275
2024-06-24,60.4,60.5,59.5,59.5,60.14,60.489999999999995,62.589999999999996,17.857142857142847,-1.9427933259254146,-1.840472272097825
2024-06-25,59.8,59.8,58.3,58.4,59.720000000000006,60.17999999999999,62.185,18.072289156626496,-2.014817182888315,-1.8753412542559231
2024-06-26,58.4,58.6,57.0,57.2,59.160000000000004,59.81,61.69,17.85714285714286,-2.144011746800686,-1.9290753527648759
2024-06-27,56.8,57.6,56.4,57.0,58.46,59.45,61.23499999999999,17.85714285714286,-2.236753792637437,-1.9906110407393882
2024-06-28,57.1,58.4,57.0,57.5,57.92,59.1,60.83,19.76744186046507,-2.2440388280635304,-2.041296598204217
2024-07-01,58.0,58.0,57.0,57.2,57.46,58.8,60.425,22.077922077922054,-2.2481050087755534,-2.0826582803184843
2024-07-02,57.0,57.0,55.8,55.9,56.96,58.339999999999996,59.975,20.238095238095212,-2.3293750362989343,-2.1320016315145742
2024-07-03,56.0,56.6,55.7,56.5,56.82000000000001,57.99000000000001,59.614999999999995,26.43678160919538,-2.318639302463417,-2.169329165704343
2024-07-04,56.9,57.9,56.9,57.6,56.94,57.70000000000001,59.364999999999995,31.914893617021278,-2.196055587322043,-2.174674450027883
2024-07-05,58.0,58.0,57.2,57.3,56.9,57.410000000000004,59.10999999999999,33.7078651685393,-2.098919564492512,-2.159523472920809
2024-07-08,57.4,58.4,57.3,58.0,57.06,57.260000000000005,58.875,36.559139784946254,-1.943056075785698,-2.116229993493787
2024-07-09,58.1,58.2,56.9,57.0,57.279999999999994,57.120000000000005,58.65,34.69387755102042,-1.878569797445195,-2.0686979542840684
2024-07-10,57.0,57.0,56.3,56.5,57.279999999999994,57.05,58.42999999999999,29.5918367346939,-1.8465241970650865,-2.024263202840272
2024-07-11,57.0,57.0,56.3,57.0,57.160000000000004,57.05,58.25,34.000000000000014,-1.7604881945215283,-1.9715082011765235
2024-07-12,56.9,58.6,56.6,57.9,57.279999999999994,57.089999999999996,58.095000000000006,42.15686274509804,-1.6012236546994032,-1.8974512918810995
2024-07-15,58.3,58.3,57.2,57.3,57.14,57.1,57.95,44.329896907216494,-1.5060594294290794,-1.8191729193906956
2024-07-16,57.5,57.5,57.0,57.2,57.17999999999999,57.23,57.785000000000004,50.0,-1.4223147010329171,-1.73980127571914
2024-07-17,57.5,60.5,57.4,60.1,57.9,57.589999999999996,57.79,63.716814159292035,-1.1091549884600482,-1.6136720182673217
2024-07-18,60.5,61.7,60.1,60.8,58.660000000000004,57.90999999999999,57.80500000000001,64.3478260869565,-0.7953215385700787,-1.450001922327873
2024-07-19,60.8,61.2,59.8,60.1,59.1,58.19,57.8,62.184873949579824,-0.5962175930600466,-1.2792450564743079
2024-07-22,60.1,60.3,59.1,60.2,59.67999999999999,58.410000000000004,57.835,70.09345794392526,-0.4254527628962279,-1.108486597758692
2024-07-23,59.7,59.9,58.5,58.8,60.0,58.589999999999996,57.855,59.999999999999986,-0.3984951009400035,-0.9664882983949543
2024-07-26,58.8,59.2,58.2,58.8,59.739999999999995,58.82000000000001,57.935,55.769230769230745,-0.3728331709066097,-0.8477572728972854
2024-07-29,59.0,59.2,58.5,58.8,59.339999999999996,59.0,58.025,57.42574257425743,-0.34847885910373577,-0.7479015901385755
2024-07-30,58.9,58.9,57.6,57.9,58.9,59.0,58.045,49.5145631067961,-0.39722144832822437,-0.6777655617765053
2024-07-31,57.8,58.2,57.5,57.9,58.44,59.06,58.080000000000005,54.83870967741936,-0.4308833464576267,-0.6283891187127296
2024-08-01,58.3,58.7,57.6,58.5,58.379999999999995,59.19,58.21,60.63829787234044,-0.4044830290780155,-0.5836079007857868
2024-08-02,57.8,58.0,57.1,57.3,58.08,58.910000000000004,58.25,51.485148514851474,-0.47491602225263563,-0.5618695250791567
2024-08-05,56.1,56.1,53.6,54.8,57.279999999999994,58.31,58.11,36.752136752136735,-0.7241166177911325,-0.5943189436215518
2024-08-06,55.0,55.8,53.1,55.2,56.739999999999995,57.82000000000001,58.00500000000001,40.869565217391326,-0.879198376486066,-0.6512948301944547
2024-08-07,54.5,55.5,54.5,55.0,56.160000000000004,57.3,57.855000000000004,40.51724137931034,-1.0066362401190077,-0.7223631121793653
2024-08-08,54.3,54.4,53.2,53.3,55.120000000000005,56.75,57.67,17.307692307692335,-1.230621617721802,-0.8240148132878526
2024-08-09,53.6,55.2,53.6,54.8,54.61999999999999,56.35,57.585,23.214285714285765,-1.2724264392884166,-0.9136971384879655
2024-08-12,54.2,54.6,53.8,54.0,54.46,55.86999999999999,57.435,23.00884955752217,-1.354496582233331,-1.0018570272370386
2024-08-13,53.9,53.9,52.7,52.8,53.98,55.36,57.17999999999999,20.161290322580683,-1.4990871890165778,-1.1013030595929465
2024-08-14,52.8,54.1,52.8,53.4,53.660000000000004,54.910000000000004,56.985,26.72413793103452,-1.5474235653964286,-1.190527160753643
2024-08-15,53.9,53.9,52.5,52.5,53.5,54.31,56.75,24.80000000000004,-1.6394543609601655,-1.2803126007949475
2024-08-16,53.1,53.3,52.3,52.4,53.019999999999996,53.82000000000001,56.36500000000001,24.603174603174637,-1.7008522280148313,-1.3644205262389244
2024-08-19,52.6,52.7,52.1,52.2,52.65999999999999,53.56,55.93499999999999,26.050420168067262,-1.7455274545902526,-1.4406419119091902
2024-08-20,52.5,52.6,51.2,51.7,52.44,53.21,55.515,25.000000000000043,-1.8005234018548677,-1.5126182098983258
2024-08-21,51.7,52.2,51.3,52.0,52.160000000000004,52.910000000000004,55.105,23.14049586776862,-1.7991609855880597,-1.5699267650362727
2024-08-22,52.0,52.9,51.6,52.3,52.120000000000005,52.81,54.779999999999994,27.67857142857143,-1.753658682409359,-1.60667314851089
2024-08-23,52.1,52.3,51.3,51.9,52.02,52.519999999999996,54.435,34.06593406593409,-1.7299328473558546,-1.631325088279883
2024-08-26,51.8,52.6,51.7,52.3,52.04,52.35,54.11,34.06593406593403,-1.6597210637970576,-1.637004283383318
2024-08-27,52.0,52.1,51.4,51.9,52.08,52.260000000000005,53.81,33.333333333333314,-1.6177064634157006,-1.6331447193897946
2024-08-28,51.7,51.9,51.3,51.7,52.02,52.089999999999996,53.5,39.74358974358976,-1.582308056126422,-1.6229773867371202
2024-08-29,51.5,51.9,51.3,51.5,51.86,51.989999999999995,53.15,24.615384615384585,-1.5524966765564585,-1.608881244700988
2024-08-30,51.6,52.2,51.4,51.6,51.8,51.910000000000004,52.864999999999995,29.310344827586178,-1.5034707047958733,-1.587799136719965
2024-09-02,51.9,51.9,50.5,50.5,51.44,51.739999999999995,52.65,29.824561403508767,-1.5356757616239491,-1.577374461700762
2024-09-03,50.5,50.6,49.8,49.8,51.019999999999996,51.55,52.379999999999995,18.96551724137923,-1.59924752111462,-1.5817490735835336
2024-09-04,48.35,48.35,47.0,47.0,50.08,51.05,51.98,14.28571428571425,-1.8541912355746675,-1.6362375059817604
2024-09-05,47.25,47.6,46.2,46.2,49.019999999999996,50.440000000000005,51.625,13.09523809523806,-2.0966207413701525,-1.728314153059439
2024-09-06,46.2,46.75,45.6,46.25,47.95,49.875,51.197500000000005,13.939393939393852,-2.258676670510546,-1.8343866565496605
2024-09-09,45.1,45.2,44.65,45.0,46.85,49.144999999999996,50.7475,12.777777777777715,-2.4596187611987617,-1.9594330774794808
2024-09-10,45.0,45.1,44.15,44.2,45.730000000000004,48.375,50.3175,8.947368421052573,-2.6528398435191747,-2.0981144306874198
2024-09-11,44.2,45.0,44.15,44.4,45.21,47.645,49.8675,7.978723404255248,-2.758037673331245,-2.2300990792161848
2024-09-12,45.3,45.4,44.4,45.0,44.97,46.995000000000005,49.4925,14.062499999999957,-2.761163748844048,-2.3363120131417574
2024-09-13,45.05,47.4,44.9,46.95,45.11,46.53,49.22,26.008968609865477,-2.5765911442020126,-2.384367839353809
2024-09-16,47.2,49.25,46.5,48.25,45.760000000000005,46.305,49.022499999999994,34.854771784232355,-2.2989164124260384,-2.367277553968255
2024-09-18,48.3,49.7,47.9,48.25,46.57000000000001,46.15,48.85,35.44303797468352,-2.0551665067619354,-2.3048553445269913
2024-09-19,48.2,48.75,47.35,48.55,47.4,46.30499999999999,48.6775,37.65690376569035,-1.8168420335862265,-2.2072526823388383
2024-09-20,48.7,49.5,48.4,48.75,48.15,46.56,48.5,38.17427385892115,-1.5934614117695176,-2.0844944282249744
2024-09-23,49.1,49.45,48.5,48.75,48.510000000000005,46.81,48.3425,42.00913242009131,-1.4002889996707353,-1.9476533425141267
2024-09-24,48.7,48.7,47.9,48.5,48.56,47.160000000000004,48.1525,43.80952380952382,-1.2529284033007926,-1.80870835467146
2024-09-25,49.25,50.6,49.0,50.6,49.03,47.8,48.087500000000006,68.36734693877554,-0.95567519072263,-1.638101721881694
2024-09-26,51.0,51.1,50.0,50.1,49.339999999999996,48.370000000000005,48.0075,70.5263157894737,-0.7517796516289366,-1.4608373078311425
2024-09-27,50.4,53.7,50.2,53.5,50.29,49.220000000000006,48.1075,78.21011673151753,-0.3122400736879598,-1.231117861002506
2024-09-30,53.2,54.7,52.2,53.5,51.239999999999995,49.875,48.2025,86.63793103448278,0.0356868329459985,-0.9777569222128051
2024-10-01,53.5,53.7,52.7,53.0,52.14,50.35,48.3275,88.93805309734513,0.2679864112723678,-0.7286082555157706
2024-10-04,53.0,55.1,52.8,53.0,52.620000000000005,50.825,48.4875,88.73873873873873,0.4469335292058787,-0.4934998985714407
2024-10-07,53.1,53.4,51.3,52.2,53.04,51.190000000000005,48.7475,81.85840707964604,0.5182233392198157,-0.29115525101318945
2024-10-08,51.7,52.1,50.6,50.8,52.5,51.394999999999996,48.9775,67.90697674418601,0.45649058821398114,-0.14162608316775535
2024-10-09,51.1,51.2,49.4,49.55,51.709999999999994,51.475,49.1425,56.07476635514017,0.30320720109300936,-0.05265942631560241
2024-10-11,49.95,50.4,49.45,49.6,51.029999999999994,51.585,49.3725,56.27906976744187,0.18364663054418173,-0.005398214943645579
2024-10-14,49.6,50.4,48.45,50.0,50.42999999999999,51.525,49.6625,56.68202764976959,0.1197898116749343,0.0196393903800704
2024-10-15,50.2,50.2,48.35,48.35,49.660000000000004,51.35,49.86,48.3739837398374,-0.06322951720182601,0.003065608863691117
2024-10-16,48.0,48.45,47.6,47.95,49.089999999999996,50.795,50.0075,46.85039370078741,-0.2378089968949908,-0.04510931228804527
2024-10-17,48.0,49.2,47.95,48.4,48.86,50.285,50.08,49.61240310077518,-0.3359802815902597,-0.10328350614848816
2024-10-18,48.75,49.05,48.1,48.2,48.58,49.805,50.0775,39.090909090909086,-0.4250206866182893,-0.1676309422424484
2024-10-21,48.6,48.65,47.3,47.3,48.040000000000006,49.235,50.03,37.71929824561402,-0.5617330189152554,-0.2464513575770098
2024-10-22,47.5,47.5,46.4,46.7,47.71,48.685,49.9375,10.465116279069761,-0.7103055525506008,-0.33922219657172803
2024-10-23,46.75,47.15,46.2,46.2,47.36,48.225,49.809999999999995,9.890109890109883,-0.8584999244580587,-0.4430777421489942
2024-10-24,46.3,46.85,45.8,46.2,46.92,47.89,49.6825,10.465116279069761,-0.9648231511723537,-0.5474268239536662
2024-10-25,46.3,47.0,46.3,46.85,46.65,47.615,49.6,16.756756756756744,-0.9852778370462616,-0.6349970265721853
2024-10-28,47.0,48.9,46.7,48.55,46.9,47.470000000000006,49.497499999999995,32.019704433497495,-0.8544628150153173,-0.6788901842608117
2024-10-29,48.45,48.65,47.15,47.7,47.1,47.405,49.377500000000005,33.85416666666667,-0.8100412129681089,-0.7051203900022712
