Date,Weighted_sentiment_by_day
2008-06-08,89.3280632411067
2008-06-09,97.6284584980237
2008-06-10,97.6284584980237
2008-06-11,99.99999999999999
2008-06-12,96.83794466403161
2008-06-13,79.05138339920947
2008-06-14,81.0276679841897
2008-06-15,99.99999999999999
2008-06-16,96.83794466403161
2008-06-17,96.04743083003952
2008-06-18,90.51383399209486
2008-06-19,97.6284584980237
2008-06-20,98.4189723320158
2008-06-21,90.1185770750988
2008-06-22,99.99999999999999
2008-06-23,87.74703557312252
2008-06-24,87.35177865612647
2008-06-25,92.88537549407114
2008-06-26,99.20948616600789
2008-06-27,73.12252964426877
2008-06-28,74.30830039525691
2008-06-29,81.42292490118577
2008-06-30,94.46640316205533
2008-07-01,87.74703557312252
2008-07-02,91.69960474308299
2008-07-03,96.44268774703555
2008-07-04,99.99999999999999
2008-07-05,94.46640316205533
2008-07-06,91.30434782608694
2008-07-07,89.3280632411067
2008-07-08,99.99999999999999
2008-07-09,94.07114624505927
2008-07-10,99.99999999999999
2008-07-11,94.86166007905136
2008-07-12,95.25691699604742
2008-07-13,77.47035573122528
2008-07-14,94.86166007905136
2008-07-15,99.99999999999999
2008-07-16,99.99999999999999
2008-07-17,99.99999999999999
2008-07-18,99.99999999999999
2008-07-19,99.99999999999999
2008-07-20,98.02371541501975
2008-07-21,99.99999999999999
2008-07-22,94.46640316205533
2008-07-23,99.99999999999999
2008-07-24,78.26086956521739
2008-07-25,97.23320158102766
2008-07-26,84.58498023715414
2008-07-27,99.99999999999999
2008-07-28,99.99999999999999
2008-07-29,99.99999999999999
2008-07-30,99.99999999999999
2008-07-31,86.95652173913042
2008-08-01,99.99999999999999
2008-08-02,92.09486166007903
2008-08-03,91.30434782608694
2008-08-04,85.77075098814228
2008-08-05,96.04743083003952
2008-08-06,99.99999999999999
2008-08-07,93.28063241106717
2008-08-08,86.16600790513833
2008-08-09,99.99999999999999
2008-08-10,91.699604743083
2008-08-11,99.99999999999999
2008-08-12,81.81818181818181
2008-08-13,94.46640316205533
2008-08-14,93.28063241106717
2008-08-15,87.74703557312252
2008-08-16,92.09486166007905
2008-08-17,92.09486166007905
2008-08-18,99.99999999999999
2008-08-19,93.67588932806323
2008-08-20,99.99999999999999
2008-08-21,99.99999999999999
2008-08-22,97.23320158102766
2008-08-23,92.88537549407114
2008-08-24,99.99999999999999
2008-08-25,94.86166007905138
2008-08-26,99.99999999999999
2008-08-27,99.99999999999999
2008-08-28,99.99999999999999
2008-08-29,82.21343873517786
2008-08-30,99.99999999999999
2008-08-31,99.99999999999999
2008-09-01,94.07114624505928
2008-09-02,88.53754940711461
2008-09-03,94.46640316205533
2008-09-04,97.6284584980237
2008-09-05,99.99999999999999
2008-09-06,99.99999999999999
2008-09-07,99.99999999999999
2008-09-08,99.99999999999999
2008-09-09,99.99999999999999
2008-09-10,91.69960474308299
2008-09-11,99.99999999999999
2008-09-12,97.6284584980237
2008-09-13,93.67588932806323
2008-09-14,98.81422924901185
2008-09-15,98.81422924901185
2008-09-16,99.99999999999999
2008-09-17,99.99999999999999
2008-09-18,94.46640316205531
2008-09-19,99.99999999999999
2008-09-20,95.65217391304346
2008-09-21,99.99999999999999
2008-09-22,92.88537549407114
2008-09-23,98.02371541501975
2008-09-24,99.99999999999999
2008-09-25,99.99999999999999
2008-09-26,99.99999999999999
2008-09-27,94.46640316205533
2008-09-28,97.6284584980237
2008-09-29,99.99999999999999
2008-09-30,83.39920948616599
2008-10-01,99.99999999999999
2008-10-02,99.99999999999999
2008-10-03,96.04743083003952
2008-10-04,99.99999999999999
2008-10-05,93.67588932806323
2008-10-06,93.67588932806323
2008-10-07,90.90909090909089
2008-10-08,92.09486166007905
2008-10-09,99.99999999999999
2008-10-10,94.46640316205533
2008-10-11,99.99999999999999
2008-10-12,99.99999999999999
2008-10-13,99.99999999999999
2008-10-14,94.86166007905136
2008-10-15,91.69960474308299
2008-10-16,99.99999999999999
2008-10-17,88.14229249011856
2008-10-18,99.99999999999999
2008-10-19,99.99999999999999
2008-10-20,99.99999999999999
2008-10-21,87.74703557312252
2008-10-22,98.4189723320158
2008-10-23,84.58498023715414
2008-10-24,94.86166007905136
2008-10-25,99.99999999999999
2008-10-26,99.99999999999999
2008-10-27,95.65217391304346
2008-10-28,99.99999999999999
2008-10-29,97.6284584980237
2008-10-30,99.99999999999999
2008-10-31,99.99999999999999
2008-11-01,91.30434782608694
2008-11-02,94.86166007905136
2008-11-03,94.86166007905136
2008-11-04,91.69960474308299
2008-11-05,92.88537549407114
2008-11-06,96.83794466403161
2008-11-07,99.99999999999999
2008-11-08,94.07114624505927
2008-11-09,99.99999999999999
2008-11-10,97.6284584980237
2008-11-11,93.28063241106717
2008-11-12,99.99999999999999
2008-11-13,92.49011857707508
2008-11-14,83.79446640316205
2008-11-15,98.02371541501975
2008-11-16,99.60474308300394
2008-11-17,99.99999999999999
2008-11-18,99.99999999999999
2008-11-19,99.99999999999999
2008-11-20,84.1897233201581
2008-11-21,95.25691699604742
2008-11-22,99.99999999999999
2008-11-23,95.25691699604742
2008-11-24,74.30830039525691
2008-11-25,97.23320158102766
2008-11-26,98.02371541501975
2008-11-27,99.99999999999999
2008-11-28,92.09486166007903
2008-11-29,98.02371541501975
2008-11-30,91.69960474308299
2008-12-01,98.81422924901185
2008-12-02,94.86166007905136
2008-12-03,89.3280632411067
2008-12-04,92.49011857707508
2008-12-05,99.99999999999999
2008-12-06,94.07114624505927
2008-12-07,99.99999999999999
2008-12-08,93.28063241106717
2008-12-09,76.28458498023714
2008-12-10,99.99999999999999
2008-12-11,88.53754940711461
2008-12-12,99.99999999999999
2008-12-13,99.99999999999999
2008-12-14,99.99999999999999
2008-12-15,99.99999999999999
2008-12-16,90.90909090909089
2008-12-17,95.25691699604742
2008-12-18,99.99999999999999
2008-12-19,99.99999999999999
2008-12-20,98.02371541501975
2008-12-21,99.60474308300394
2008-12-22,99.99999999999999
2008-12-23,90.90909090909089
2008-12-24,99.99999999999999
2008-12-25,92.88537549407114
2008-12-26,90.11857707509881
2008-12-27,88.53754940711461
2008-12-28,95.25691699604741
2008-12-29,99.99999999999999
2008-12-30,85.37549407114624
2008-12-31,85.37549407114624
2009-01-01,87.74703557312252
2009-01-02,99.99999999999999
2009-01-03,91.69960474308299
2009-01-04,98.4189723320158
2009-01-05,87.35177865612647
2009-01-06,99.99999999999999
2009-01-07,93.67588932806323
2009-01-08,99.99999999999999
2009-01-09,86.56126482213438
2009-01-10,94.86166007905136
2009-01-11,88.53754940711461
2009-01-12,94.07114624505927
2009-01-13,99.99999999999999
2009-01-14,99.99999999999999
2009-01-15,94.07114624505927
2009-01-16,91.69960474308299
2009-01-17,87.74703557312253
2009-01-18,87.35177865612647
2009-01-19,97.6284584980237
2009-01-20,98.81422924901185
2009-01-21,99.99999999999999
2009-01-22,99.99999999999999
2009-01-23,91.30434782608695
2009-01-24,84.1897233201581
2009-01-25,90.51383399209486
2009-01-26,99.99999999999999
2009-01-27,91.69960474308299
2009-01-28,99.99999999999999
2009-01-29,99.99999999999999
2009-01-30,89.72332015810277
2009-01-31,92.88537549407114
2009-02-01,87.74703557312252
2009-02-02,98.02371541501975
2009-02-03,73.12252964426877
2009-02-04,99.99999999999999
2009-02-05,99.99999999999999
2009-02-06,99.99999999999999
2009-02-07,88.53754940711461
2009-02-08,96.44268774703555
2009-02-09,98.4189723320158
2009-02-10,94.07114624505927
2009-02-11,79.84189723320156
2009-02-12,98.02371541501975
2009-02-13,99.99999999999999
2009-02-14,99.99999999999999
2009-02-15,91.30434782608695
2009-02-16,93.28063241106717
2009-02-17,91.69960474308299
2009-02-18,99.99999999999999
2009-02-19,98.81422924901185
2009-02-20,95.25691699604742
2009-02-21,99.99999999999999
2009-02-22,92.09486166007905
2009-02-23,94.46640316205533
2009-02-24,99.99999999999999
2009-02-25,92.88537549407114
2009-02-26,99.99999999999999
2009-02-27,99.99999999999999
2009-02-28,73.91304347826086
2009-03-01,99.99999999999999
2009-03-02,99.99999999999999
2009-03-03,92.09486166007905
2009-03-04,91.69960474308299
2009-03-05,84.58498023715414
2009-03-06,85.37549407114624
2009-03-07,86.16600790513833
2009-03-08,99.60474308300394
2009-03-09,99.99999999999999
2009-03-10,95.25691699604742
2009-03-11,99.99999999999999
2009-03-12,96.83794466403161
2009-03-13,99.99999999999999
2009-03-14,80.23715415019761
2009-03-15,92.09486166007903
2009-03-16,83.79446640316205
2009-03-17,92.88537549407114
2009-03-18,93.67588932806323
2009-03-19,92.49011857707508
2009-03-20,93.67588932806323
2009-03-21,94.46640316205533
2009-03-22,86.95652173913042
2009-03-23,94.46640316205533
2009-03-24,97.23320158102766
2009-03-25,99.99999999999999
2009-03-26,92.88537549407114
2009-03-27,84.58498023715414
2009-03-28,88.14229249011856
2009-03-30,99.99999999999999
2009-03-31,88.93280632411066
2009-04-01,99.99999999999999
2009-04-02,83.79446640316205
2009-04-03,94.86166007905136
2009-04-04,99.99999999999999
2009-04-05,99.99999999999999
2009-04-06,99.99999999999999
2009-04-07,85.37549407114624
2009-04-08,88.53754940711461
2009-04-09,88.93280632411066
2009-04-10,99.99999999999999
2009-04-11,85.77075098814228
2009-04-12,83.399209486166
2009-04-13,99.99999999999999
2009-04-14,89.72332015810277
2009-04-15,89.3280632411067
2009-04-16,95.65217391304346
2009-04-17,99.99999999999999
2009-04-18,94.07114624505927
2009-04-19,91.30434782608695
2009-04-20,84.58498023715414
2009-04-21,92.88537549407113
2009-04-22,84.1897233201581
2009-04-23,91.30434782608694
2009-04-24,99.99999999999999
2009-04-25,87.74703557312252
2009-04-26,88.14229249011856
2009-04-27,99.99999999999999
2009-04-28,87.74703557312252
2009-04-29,92.49011857707508
2009-04-30,87.74703557312252
2009-05-01,99.99999999999999
2009-05-02,93.67588932806323
2009-05-03,97.23320158102766
2009-05-04,98.81422924901185
2009-05-05,80.23715415019763
2009-05-06,97.6284584980237
2009-05-07,96.04743083003952
2009-05-08,86.56126482213436
2009-05-09,91.30434782608695
2009-05-10,92.49011857707508
2009-05-11,98.4189723320158
2009-05-12,98.81422924901185
2009-05-13,98.81422924901185
2009-05-14,93.67588932806323
2009-05-15,98.02371541501975
2009-05-16,95.25691699604742
2009-05-17,92.49011857707508
2009-05-18,91.699604743083
2009-05-19,82.21343873517786
2009-05-20,96.44268774703555
2009-05-21,94.86166007905136
2009-05-22,98.81422924901185
2009-05-23,92.09486166007903
2009-05-24,82.60869565217389
2009-05-25,94.46640316205533
2009-05-26,97.23320158102766
2009-05-27,80.23715415019761
2009-05-28,99.99999999999999
2009-05-29,88.53754940711461
2009-05-30,98.4189723320158
2009-05-31,93.67588932806323
2009-06-01,96.83794466403161
2009-06-02,90.90909090909089
2009-06-03,99.99999999999999
2009-06-04,85.37549407114624
2009-06-05,91.69960474308299
2009-06-06,99.99999999999999
2009-06-07,99.60474308300394
2009-06-08,77.4703557312253
2009-06-09,96.44268774703555
2009-06-10,78.65612648221342
2009-06-11,88.53754940711461
2009-06-12,88.53754940711461
2009-06-13,84.98023715415019
2009-06-14,88.93280632411066
2009-06-15,78.26086956521738
2009-06-16,95.25691699604742
2009-06-17,99.99999999999999
2009-06-18,74.70355731225295
2009-06-19,94.86166007905136
2009-06-20,99.99999999999999
2009-06-21,99.99999999999999
2009-06-22,88.53754940711461
2009-06-23,82.21343873517786
2009-06-24,96.83794466403161
2009-06-25,86.95652173913042
2009-06-26,84.58498023715414
2009-06-27,99.99999999999999
2009-06-28,82.21343873517786
2009-06-29,92.88537549407114
2009-06-30,92.88537549407114
2009-07-01,99.99999999999999
2009-07-02,87.74703557312252
2009-07-03,99.99999999999999
2009-07-04,92.88537549407114
2009-07-05,99.99999999999999
2009-07-06,96.44268774703556
2009-07-07,99.99999999999999
2009-07-08,73.51778656126481
2009-07-09,99.99999999999999
2009-07-10,99.99999999999999
2009-07-11,99.99999999999999
2009-07-12,99.99999999999999
2009-07-13,85.77075098814227
2009-07-14,99.99999999999999
2009-07-15,91.30434782608695
2009-07-16,99.99999999999999
2009-07-17,90.90909090909089
2009-07-18,88.14229249011856
2009-07-19,71.54150197628458
2009-07-20,91.69960474308299
2009-07-21,98.81422924901185
2009-07-22,91.30434782608695
2009-07-23,78.65612648221342
2009-07-24,92.09486166007905
2009-07-25,91.30434782608695
2009-07-26,95.25691699604742
2009-07-27,99.99999999999999
2009-07-28,84.18972332015808
2009-07-29,92.09486166007905
2009-07-30,99.99999999999999
2009-07-31,92.09486166007905
2009-08-01,99.99999999999999
2009-08-02,80.23715415019761
2009-08-03,84.18972332015808
2009-08-04,97.6284584980237
2009-08-05,97.6284584980237
2009-08-06,79.44664031620552
2009-08-07,99.99999999999999
2009-08-08,99.99999999999999
2009-08-09,99.99999999999999
2009-08-10,98.4189723320158
2009-08-11,98.81422924901185
2009-08-12,99.99999999999999
2009-08-13,99.99999999999999
2009-08-14,82.60869565217389
2009-08-15,79.05138339920947
2009-08-16,84.98023715415019
2009-08-17,86.95652173913042
2009-08-18,93.67588932806323
2009-08-19,81.42292490118577
2009-08-20,76.28458498023714
2009-08-21,94.07114624505927
2009-08-22,92.49011857707508
2009-08-23,88.53754940711461
2009-08-24,90.90909090909089
2009-08-25,99.99999999999999
2009-08-26,99.99999999999999
2009-08-27,92.88537549407113
2009-08-28,89.72332015810275
2009-08-29,77.47035573122528
2009-08-30,98.02371541501975
2009-08-31,91.30434782608695
2009-09-01,69.96047430830039
2009-09-02,91.69960474308299
2009-09-03,91.69960474308299
2009-09-04,97.23320158102766
2009-09-05,76.67984189723319
2009-09-06,94.07114624505927
2009-09-07,92.88537549407114
2009-09-08,99.99999999999999
2009-09-09,93.28063241106717
2009-09-10,88.14229249011856
2009-09-11,84.98023715415019
2009-09-12,94.07114624505927
2009-09-13,96.04743083003952
2009-09-14,83.79446640316205
2009-09-15,99.99999999999999
2009-09-16,95.25691699604741
2009-09-17,98.81422924901185
2009-09-18,82.60869565217389
2009-09-19,96.83794466403161
2009-09-20,84.58498023715414
2009-09-21,92.88537549407114
2009-09-22,99.99999999999999
2009-09-23,73.91304347826086
2009-09-24,89.72332015810275
2009-09-25,99.99999999999999
2009-09-26,99.99999999999999
2009-09-27,99.60474308300394
2009-09-28,85.77075098814228
2009-09-29,92.88537549407113
2009-09-30,90.51383399209485
2009-10-01,91.30434782608694
2009-10-02,92.09486166007905
2009-10-03,99.99999999999999
2009-10-04,97.6284584980237
2009-10-05,64.42687747035572
2009-10-06,99.99999999999999
2009-10-07,81.81818181818181
2009-10-08,99.99999999999999
2009-10-09,91.69960474308299
2009-10-10,86.95652173913042
2009-10-11,83.00395256916995
2009-10-12,84.98023715415019
2009-10-13,96.83794466403161
2009-10-14,86.56126482213438
2009-10-15,92.88537549407114
2009-10-16,90.51383399209485
2009-10-17,88.14229249011856
2009-10-18,99.99999999999999
2009-10-19,97.23320158102766
2009-10-20,95.65217391304346
2009-10-21,99.99999999999999
2009-10-22,99.20948616600789
2009-10-23,91.69960474308299
2009-10-24,92.49011857707508
2009-10-25,80.23715415019763
2009-10-26,66.40316205533595
2009-10-27,99.99999999999999
2009-10-28,83.39920948616599
2009-10-29,92.09486166007905
2009-10-30,99.99999999999999
2009-10-31,94.07114624505928
2009-11-01,90.51383399209486
2009-11-02,89.3280632411067
2009-11-03,92.49011857707508
2009-11-04,87.74703557312252
2009-11-05,89.3280632411067
2009-11-06,99.99999999999999
2009-11-07,93.28063241106717
2009-11-08,85.77075098814227
2009-11-09,86.56126482213436
2009-11-10,89.72332015810275
2009-11-11,99.20948616600789
2009-11-12,79.05138339920947
2009-11-13,87.35177865612647
2009-11-14,90.90909090909089
2009-11-15,99.99999999999999
2009-11-16,99.20948616600789
2009-11-17,97.6284584980237
2009-11-18,92.09486166007903
2009-11-19,92.4901185770751
2009-11-20,85.77075098814227
2009-11-21,77.07509881422924
2009-11-22,83.399209486166
2009-11-23,84.98023715415019
2009-11-24,93.28063241106717
2009-11-25,99.60474308300394
2009-11-26,96.44268774703556
2009-11-27,99.99999999999999
2009-11-28,99.99999999999999
2009-11-29,72.72727272727272
2009-11-30,80.23715415019761
2009-12-01,96.44268774703556
2009-12-02,84.58498023715414
2009-12-03,99.60474308300394
2009-12-04,92.09486166007903
2009-12-05,94.86166007905136
2009-12-06,90.1185770750988
2009-12-07,94.46640316205531
2009-12-08,99.99999999999999
2009-12-09,91.69960474308299
2009-12-10,96.83794466403161
2009-12-11,88.53754940711461
2009-12-12,85.37549407114624
2009-12-13,94.46640316205533
2009-12-14,99.99999999999999
2009-12-15,86.16600790513833
2009-12-16,94.86166007905136
2009-12-17,89.32806324110672
2009-12-18,94.46640316205533
2009-12-19,83.00395256916995
2009-12-20,88.14229249011856
2009-12-21,99.60474308300394
2009-12-22,83.399209486166
2009-12-23,73.51778656126481
2009-12-24,91.699604743083
2009-12-25,97.23320158102766
2009-12-26,86.56126482213438
2009-12-27,87.35177865612647
2009-12-28,92.88537549407114
2009-12-29,94.46640316205533
2009-12-30,99.99999999999999
2009-12-31,84.58498023715414
2010-01-01,99.20948616600789
2010-01-02,99.99999999999999
2010-01-03,88.93280632411066
2010-01-04,79.05138339920948
2010-01-05,93.28063241106717
2010-01-06,99.99999999999999
2010-01-07,99.99999999999999
2010-01-08,90.11857707509881
2010-01-09,87.35177865612647
2010-01-10,90.51383399209486
2010-01-11,79.84189723320156
2010-01-12,88.93280632411066
2010-01-13,88.14229249011856
2010-01-14,99.99999999999999
2010-01-15,95.65217391304346
2010-01-16,93.28063241106717
2010-01-17,94.46640316205533
2010-01-18,91.69960474308299
2010-01-19,93.67588932806323
2010-01-20,86.16600790513833
2010-01-21,89.72332015810275
2010-01-22,89.3280632411067
2010-01-23,96.04743083003952
2010-01-24,97.6284584980237
2010-01-25,92.09486166007903
2010-01-26,91.30434782608695
2010-01-27,87.74703557312252
2010-01-28,95.25691699604742
2010-01-29,92.09486166007905
2010-01-30,96.83794466403161
2010-01-31,92.49011857707508
2010-02-01,89.3280632411067
2010-02-02,96.04743083003952
2010-02-03,89.3280632411067
2010-02-04,91.69960474308299
2010-02-05,99.99999999999999
2010-02-06,99.99999999999999
2010-02-07,89.3280632411067
2010-02-08,82.21343873517786
2010-02-09,96.04743083003952
2010-02-10,79.44664031620552
2010-02-11,99.99999999999999
2010-02-12,95.25691699604742
2010-02-13,91.699604743083
2010-02-14,93.67588932806323
2010-02-15,99.99999999999999
2010-02-16,86.95652173913042
2010-02-17,92.88537549407114
2010-02-18,90.90909090909089
2010-02-19,92.09486166007905
2010-02-20,99.99999999999999
2010-02-21,99.99999999999999
2010-02-22,81.02766798418972
2010-02-23,91.69960474308299
2010-02-24,84.58498023715414
2010-02-25,97.6284584980237
2010-02-26,99.20948616600789
2010-02-27,99.99999999999999
2010-02-28,95.65217391304346
2010-03-01,91.30434782608694
2010-03-02,94.86166007905136
2010-03-03,96.83794466403161
2010-03-04,94.07114624505927
2010-03-05,99.60474308300394
2010-03-06,79.84189723320158
2010-03-07,84.18972332015808
2010-03-08,87.35177865612647
2010-03-09,87.74703557312252
2010-03-10,87.35177865612647
2010-03-11,94.07114624505927
2010-03-12,99.99999999999999
2010-03-13,77.4703557312253
2010-03-14,94.46640316205533
2010-03-15,99.99999999999999
2010-03-16,87.35177865612647
2010-03-17,99.99999999999999
2010-03-18,90.1185770750988
2010-03-19,93.28063241106717
2010-03-20,90.11857707509881
2010-03-21,95.25691699604741
2010-03-22,99.99999999999999
2010-03-23,99.60474308300394
2010-03-24,79.44664031620553
2010-03-25,92.49011857707508
2010-03-26,79.05138339920948
2010-03-27,89.72332015810275
2010-03-29,99.99999999999999
2010-03-30,92.09486166007905
2010-03-31,77.47035573122528
2010-04-01,99.99999999999999
2010-04-02,99.99999999999999
2010-04-03,99.60474308300394
2010-04-04,80.23715415019761
2010-04-05,99.99999999999999
2010-04-06,99.99999999999999
2010-04-07,98.4189723320158
2010-04-08,97.6284584980237
2010-04-09,99.99999999999999
2010-04-10,99.99999999999999
2010-04-11,98.4189723320158
2010-04-12,99.99999999999999
2010-04-13,86.95652173913042
2010-04-14,78.65612648221342
2010-04-15,92.09486166007905
2010-04-16,98.81422924901185
2010-04-17,88.14229249011856
2010-04-18,93.67588932806323
2010-04-19,93.67588932806323
2010-04-20,96.04743083003952
2010-04-21,98.4189723320158
2010-04-22,89.3280632411067
2010-04-23,79.05138339920947
2010-04-24,96.83794466403161
2010-04-25,99.99999999999999
2010-04-26,99.99999999999999
2010-04-27,93.28063241106717
2010-04-28,90.1185770750988
2010-04-29,92.09486166007905
2010-04-30,86.16600790513833
2010-05-01,94.07114624505928
2010-05-02,94.07114624505927
2010-05-03,91.69960474308299
2010-05-04,92.09486166007903
2010-05-05,95.25691699604742
2010-05-06,96.83794466403161
2010-05-07,99.99999999999999
2010-05-08,72.33201581027667
2010-05-09,91.30434782608695
2010-05-10,99.99999999999999
2010-05-11,99.99999999999999
2010-05-12,94.07114624505927
2010-05-13,91.30434782608695
2010-05-14,97.23320158102766
2010-05-15,89.72332015810277
2010-05-16,95.65217391304346
2010-05-17,88.14229249011856
2010-05-18,87.35177865612647
2010-05-19,76.28458498023714
2010-05-20,96.44268774703556
2010-05-21,93.67588932806323
2010-05-22,92.09486166007905
2010-05-23,85.77075098814228
2010-05-24,85.77075098814228
2010-05-25,95.65217391304347
2010-05-26,95.25691699604742
2010-05-27,88.53754940711462
2010-05-28,83.39920948616599
2010-05-29,99.99999999999999
2010-05-30,92.4901185770751
2010-05-31,93.28063241106717
2010-06-01,84.1897233201581
2010-06-02,83.79446640316205
2010-06-03,99.99999999999999
2010-06-04,85.77075098814228
2010-06-05,93.67588932806323
2010-06-06,99.99999999999999
2010-06-07,81.02766798418972
2010-06-08,91.69960474308299
2010-06-09,94.07114624505927
2010-06-10,93.67588932806323
2010-06-11,94.86166007905136
2010-06-12,99.99999999999999
2010-06-13,92.88537549407114
2010-06-14,89.72332015810275
2010-06-15,99.99999999999999
2010-06-16,99.99999999999999
2010-06-17,94.07114624505927
2010-06-18,64.03162055335967
2010-06-19,92.49011857707508
2010-06-20,83.39920948616599
2010-06-21,79.05138339920948
2010-06-22,90.51383399209486
2010-06-23,81.42292490118577
2010-06-24,99.20948616600789
2010-06-25,90.9090909090909
2010-06-26,81.42292490118577
2010-06-27,94.86166007905138
2010-06-28,92.88537549407113
2010-06-29,97.6284584980237
2010-06-30,83.79446640316205
2010-07-01,21.343873517786562
2010-07-02,7.905138339920949
2010-07-03,23.715415019762847
2010-07-04,12.648221343873518
2010-07-05,0.7905138339920948
2010-07-06,15.415019762845851
2010-07-07,7.5098814229249005
2010-07-08,20.553359683794465
2010-07-09,18.577075098814227
2010-07-10,13.043478260869565
2010-07-11,32.015810276679844
2010-07-12,5.928853754940712
2010-07-13,28.063241106719367
2010-07-14,1.5810276679841895
2010-07-15,26.482213438735176
2010-07-16,9.881422924901184
2010-07-17,11.462450592885375
2010-07-18,12.648221343873518
2010-07-19,10.276679841897232
2010-07-20,24.110671936758894
2010-07-21,22.92490118577075
2010-07-22,15.019762845849803
2010-07-23,15.415019762845848
2010-07-24,15.810276679841898
2010-07-25,7.509881422924901
2010-07-26,18.18181818181818
2010-07-27,20.158102766798418
2010-07-28,5.928853754940712
2010-07-29,13.043478260869566
2010-07-30,22.134387351778656
2010-07-31,27.27272727272727
2010-08-01,13.83399209486166
2010-08-02,18.181818181818183
2010-08-03,21.739130434782606
2010-08-04,10.276679841897234
2010-08-05,7.905138339920947
2010-08-06,8.300395256916996
2010-08-07,33.99209486166007
2010-08-08,13.043478260869566
2010-08-09,1.185770750988142
2010-08-10,16.600790513833992
2010-08-11,13.83399209486166
2010-08-12,19.367588932806324
2010-08-13,12.648221343873518
2010-08-14,15.415019762845851
2010-08-15,18.57707509881423
2010-08-16,35.96837944664031
2010-08-17,15.415019762845851
2010-08-18,9.486166007905137
2010-08-19,13.043478260869566
2010-08-20,21.34387351778656
2010-08-21,15.415019762845851
2010-08-22,21.73913043478261
2010-08-23,12.648221343873518
2010-08-24,33.59683794466403
2010-08-25,14.624505928853754
2010-08-26,26.086956521739133
2010-08-27,31.620553359683793
2010-08-28,12.252964426877472
2010-08-29,17.786561264822133
2010-08-30,23.715415019762847
2010-08-31,11.462450592885375
2010-09-01,18.577075098814227
2010-09-02,30.434782608695656
2010-09-03,24.90118577075099
2010-09-04,10.276679841897232
2010-09-05,29.249011857707508
2010-09-06,5.138339920948617
2010-09-07,33.201581027667984
2010-09-08,26.086956521739133
2010-09-09,30.039525691699605
2010-09-10,19.367588932806324
2010-09-11,8.695652173913043
2010-09-12,23.320158102766797
2010-09-13,18.57707509881423
2010-09-14,15.810276679841897
2010-09-15,6.719367588932807
2010-09-16,28.063241106719367
2010-09-17,9.486166007905139
2010-09-18,10.276679841897234
2010-09-19,33.99209486166008
2010-09-20,17.786561264822137
2010-09-21,19.76284584980237
2010-09-22,17.786561264822133
2010-09-23,22.92490118577075
2010-09-24,17.391304347826086
2010-09-25,33.20158102766799
2010-09-26,18.18181818181818
2010-09-27,17.786561264822133
2010-09-28,9.486166007905139
2010-09-29,15.019762845849804
2010-09-30,1.185770750988142
2010-10-01,33.201581027667984
2010-10-02,14.229249011857707
2010-10-03,16.205533596837945
2010-10-04,1.5810276679841897
2010-10-05,11.857707509881422
2010-10-06,28.458498023715414
2010-10-07,26.086956521739133
2010-10-08,20.948616600790515
2010-10-09,12.25296442687747
2010-10-10,26.08695652173913
2010-10-11,18.972332015810277
2010-10-12,26.086956521739133
2010-10-13,11.067193675889328
2010-10-14,3.557312252964427
2010-10-15,16.205533596837945
2010-10-16,17.391304347826086
2010-10-17,25.296442687747035
2010-10-18,15.019762845849801
2010-10-19,7.114624505928854
2010-10-20,11.462450592885375
2010-10-21,6.32411067193676
2010-10-22,6.324110671936759
2010-10-23,10.671936758893281
2010-10-24,22.134387351778656
2010-10-25,14.624505928853754
2010-10-26,28.063241106719367
2010-10-27,13.83399209486166
2010-10-28,16.205533596837945
2010-10-29,23.715415019762844
2010-10-30,32.015810276679844
2010-10-31,20.948616600790515
2010-11-01,22.529644268774703
2010-11-02,5.138339920948617
2010-11-03,33.59683794466403
2010-11-04,28.85375494071146
2010-11-05,21.73913043478261
2010-11-06,10.671936758893283
2010-11-07,6.719367588932807
2010-11-08,16.20553359683794
2010-11-09,10.67193675889328
2010-11-10,11.462450592885375
2010-11-11,29.64426877470356
2010-11-12,31.620553359683797
2010-11-13,36.36363636363636
2010-11-14,24.505928853754938
2010-11-15,5.928853754940712
2010-11-16,12.25296442687747
2010-11-17,21.73913043478261
2010-11-18,23.320158102766797
2010-11-19,32.41106719367589
2010-11-20,23.715415019762844
2010-11-21,10.671936758893281
2010-11-22,3.557312252964427
2010-11-23,13.043478260869566
2010-11-24,41.897233201581024
2010-11-25,19.367588932806324
2010-11-26,18.18181818181818
2010-11-27,13.438735177865611
2010-11-28,52.17391304347825
2010-11-29,24.901185770750985
2010-11-30,22.529644268774703
2010-12-01,20.158102766798418
2010-12-02,33.99209486166008
2010-12-03,16.205533596837945
2010-12-04,26.08695652173913
2010-12-05,31.620553359683793
2010-12-06,33.99209486166008
2010-12-07,5.533596837944664
2010-12-08,32.01581027667984
2010-12-09,19.76284584980237
2010-12-10,13.438735177865611
2010-12-11,26.877470355731226
2010-12-12,15.810276679841898
2010-12-13,24.901185770750992
2010-12-14,21.343873517786562
2010-12-15,11.067193675889328
2010-12-16,16.600790513833992
2010-12-17,16.99604743083004
2010-12-18,27.272727272727273
2010-12-19,15.019762845849804
2010-12-20,24.11067193675889
2010-12-21,19.36758893280632
2010-12-22,14.229249011857707
2010-12-23,28.06324110671937
2010-12-24,7.5098814229249005
2010-12-25,29.644268774703555
2010-12-26,13.043478260869565
2010-12-27,17.391304347826086
2010-12-28,16.205533596837945
2010-12-29,22.134387351778656
2010-12-30,9.881422924901184
2010-12-31,2.766798418972332
2011-01-01,21.343873517786562
2011-01-02,28.063241106719367
2011-01-03,27.272727272727273
2011-01-04,13.043478260869566
2011-01-05,39.525691699604735
2011-01-06,34.78260869565217
2011-01-07,0.0
2011-01-08,11.067193675889326
2011-01-09,16.99604743083004
2011-01-10,30.43478260869565
2011-01-11,16.20553359683794
2011-01-12,43.47826086956521
2011-01-13,25.691699604743082
2011-01-14,7.114624505928854
2011-01-15,18.577075098814227
2011-01-16,28.853754940711465
2011-01-17,3.1620553359683794
2011-01-18,24.90118577075099
2011-01-19,11.067193675889326
2011-01-20,22.134387351778656
2011-01-21,6.324110671936759
2011-01-22,13.043478260869565
2011-01-23,18.577075098814227
2011-01-24,20.158102766798418
2011-01-25,7.5098814229249005
2011-01-26,20.948616600790512
2011-01-27,0.0
2011-01-28,20.553359683794465
2011-01-29,28.06324110671937
2011-01-30,10.671936758893281
2011-01-31,6.719367588932806
2011-02-01,25.691699604743086
2011-02-02,20.158102766798418
2011-02-03,8.695652173913045
2011-02-04,8.695652173913043
2011-02-05,13.83399209486166
2011-02-06,15.41501976284585
2011-02-07,17.786561264822137
2011-02-08,17.39130434782609
2011-02-09,5.928853754940712
2011-02-10,26.482213438735176
2011-02-11,1.185770750988142
2011-02-12,1.5810276679841897
2011-02-13,2.766798418972332
2011-02-14,9.090909090909092
2011-02-15,10.67193675889328
2011-02-16,24.11067193675889
2011-02-17,15.019762845849803
2011-02-18,21.739130434782606
2011-02-19,16.600790513833992
2011-02-20,1.9762845849802373
2011-02-21,7.905138339920949
2011-02-22,2.766798418972332
2011-02-23,24.901185770750992
2011-02-24,24.505928853754938
2011-02-25,29.249011857707508
2011-02-26,17.786561264822133
2011-02-27,2.3715415019762847
2011-02-28,17.391304347826086
2011-03-01,9.09090909090909
2011-03-02,37.154150197628454
2011-03-03,14.624505928853754
2011-03-04,22.134387351778656
2011-03-05,13.043478260869565
2011-03-06,16.99604743083004
2011-03-07,22.92490118577075
2011-03-08,9.881422924901187
2011-03-09,15.810276679841897
2011-03-10,5.928853754940711
2011-03-11,20.948616600790515
2011-03-12,29.644268774703555
2011-03-13,35.17786561264822
2011-03-14,18.18181818181818
2011-03-15,11.462450592885377
2011-03-16,5.138339920948617
2011-03-17,27.272727272727273
2011-03-18,22.92490118577075
2011-03-19,0.0
2011-03-20,9.486166007905139
2011-03-21,14.229249011857707
2011-03-22,13.833992094861658
2011-03-23,7.509881422924901
2011-03-24,9.09090909090909
2011-03-25,21.343873517786562
2011-03-26,4.3478260869565215
2011-03-27,22.924901185770754
2011-03-28,0.3952569169960474
2011-03-29,13.043478260869566
2011-03-30,2.3715415019762847
2011-03-31,21.343873517786562
2011-04-01,19.367588932806324
2011-04-02,16.600790513833992
2011-04-03,20.55335968379447
2011-04-04,20.158102766798418
2011-04-05,13.438735177865613
2011-04-06,33.59683794466403
2011-04-07,18.577075098814227
2011-04-08,8.300395256916996
2011-04-09,3.9525691699604746
2011-04-10,11.857707509881424
2011-04-11,17.391304347826086
2011-04-12,16.60079051383399
2011-04-13,6.32411067193676
2011-04-14,30.43478260869565
2011-04-15,17.391304347826086
2011-04-16,26.877470355731226
2011-04-17,17.786561264822137
2011-04-18,15.41501976284585
2011-04-19,22.92490118577075
2011-04-20,15.019762845849801
2011-04-21,3.1620553359683794
2011-04-22,7.905138339920947
2011-04-23,24.50592885375494
2011-04-24,8.695652173913043
2011-04-25,20.948616600790512
2011-04-26,24.505928853754938
2011-04-27,14.229249011857707
2011-04-28,20.158102766798418
2011-04-29,23.715415019762844
2011-04-30,8.695652173913043
2011-05-01,12.252964426877472
2011-05-02,26.482213438735176
2011-05-03,9.881422924901187
2011-05-04,14.229249011857707
2011-05-05,20.15810276679842
2011-05-06,4.743083003952569
2011-05-07,29.644268774703555
2011-05-08,6.324110671936759
2011-05-09,10.67193675889328
2011-05-10,7.1146245059288535
2011-05-11,13.83399209486166
2011-05-12,5.928853754940711
2011-05-13,13.83399209486166
2011-05-14,0.0
2011-05-15,28.063241106719367
2011-05-16,7.905138339920948
2011-05-17,4.3478260869565215
2011-05-18,11.067193675889328
2011-05-19,14.624505928853754
2011-05-20,15.41501976284585
2011-05-21,18.972332015810277
2011-05-22,3.1620553359683794
2011-05-23,15.41501976284585
2011-05-24,13.043478260869565
2011-05-25,18.972332015810277
2011-05-26,26.08695652173913
2011-05-27,13.83399209486166
2011-05-28,7.905138339920948
2011-05-29,7.905138339920949
2011-05-30,22.529644268774703
2011-05-31,13.438735177865613
2011-06-01,27.667984189723317
2011-06-02,18.577075098814227
2011-06-03,9.090909090909092
2011-06-04,6.324110671936759
2011-06-05,31.225296442687746
2011-06-06,11.067193675889328
2011-06-07,7.905138339920949
2011-06-08,11.067193675889328
2011-06-09,8.695652173913043
2011-06-10,17.39130434782609
2011-06-11,10.671936758893281
2011-06-12,13.043478260869565
2011-06-13,7.5098814229249005
2011-06-14,24.50592885375494
2011-06-15,33.99209486166008
2011-06-16,8.695652173913045
2011-06-17,10.67193675889328
2011-06-18,11.462450592885377
2011-06-19,14.229249011857707
2011-06-20,16.600790513833992
2011-06-21,28.458498023715418
2011-06-22,11.462450592885375
2011-06-23,18.577075098814227
2011-06-24,26.086956521739133
2011-06-25,29.64426877470356
2011-06-26,20.55335968379447
2011-06-27,23.715415019762844
2011-06-28,2.3715415019762847
2011-06-29,4.3478260869565215
2011-06-30,17.391304347826086
2011-07-01,28.458498023715418
2011-07-02,7.114624505928854
2011-07-03,10.276679841897232
2011-07-04,32.015810276679844
2011-07-05,15.41501976284585
2011-07-06,18.972332015810277
2011-07-07,26.482213438735176
2011-07-08,29.249011857707508
2011-07-09,7.114624505928853
2011-07-10,15.810276679841897
2011-07-11,13.043478260869565
2011-07-12,3.9525691699604746
2011-07-13,15.019762845849801
2011-07-14,25.296442687747035
2011-07-15,21.73913043478261
2011-07-16,13.438735177865613
2011-07-17,9.881422924901186
2011-07-18,9.486166007905137
2011-07-19,16.205533596837945
2011-07-20,24.11067193675889
2011-07-21,9.09090909090909
2011-07-22,14.229249011857707
2011-07-23,16.205533596837945
2011-07-24,2.371541501976284
2011-07-25,1.5810276679841897
2011-07-26,18.181818181818183
2011-07-27,16.600790513833992
2011-07-28,15.019762845849803
2011-07-29,35.573122529644266
2011-07-30,25.69169960474308
2011-07-31,11.067193675889328
2011-08-01,10.276679841897232
2011-08-02,25.296442687747035
2011-08-03,7.905138339920949
2011-08-04,27.66798418972332
2011-08-05,1.5810276679841897
2011-08-06,15.810276679841897
2011-08-07,20.553359683794465
2011-08-08,0.7905138339920948
2011-08-09,0.0
2011-08-10,2.371541501976284
2011-08-11,25.691699604743082
2011-08-12,40.316205533596836
2011-08-13,6.719367588932806
2011-08-14,9.881422924901186
2011-08-15,49.80237154150197
2011-08-16,2.766798418972332
2011-08-17,16.99604743083004
2011-08-18,1.9762845849802373
2011-08-19,28.063241106719367
2011-08-20,0.0
2011-08-21,4.743083003952568
2011-08-22,14.229249011857709
2011-08-23,3.5573122529644268
2011-08-24,23.715415019762844
2011-08-25,19.367588932806324
2011-08-26,38.73517786561265
2011-08-27,16.996047430830043
2011-08-28,2.371541501976284
2011-08-29,34.387351778656125
2011-08-30,32.41106719367589
2011-08-31,22.529644268774703
2011-09-01,14.624505928853754
2011-09-02,7.114624505928853
2011-09-03,6.324110671936758
2011-09-04,9.486166007905139
2011-09-05,7.5098814229249005
2011-09-06,13.83399209486166
2011-09-07,13.83399209486166
2011-09-08,7.905138339920947
2011-09-09,24.505928853754938
2011-09-10,31.225296442687743
2011-09-11,16.600790513833992
2011-09-12,7.905138339920947
2011-09-13,27.66798418972332
2011-09-14,17.786561264822133
2011-09-15,11.462450592885375
2011-09-16,22.134387351778656
2011-09-17,19.367588932806324
2011-09-18,18.18181818181818
2011-09-19,8.695652173913043
2011-09-20,8.300395256916996
2011-09-21,5.533596837944664
2011-09-22,12.648221343873518
2011-09-23,19.367588932806324
2011-09-24,35.573122529644266
2011-09-25,25.691699604743082
2011-09-26,21.73913043478261
2011-09-27,19.367588932806324
2011-09-28,11.462450592885373
2011-09-29,12.25296442687747
2011-09-30,26.08695652173913
2011-10-01,4.743083003952568
2011-10-02,1.185770750988142
2011-10-03,20.948616600790515
2011-10-04,9.09090909090909
2011-10-05,15.415019762845853
2011-10-06,12.648221343873518
2011-10-07,6.719367588932807
2011-10-08,16.99604743083004
2011-10-09,8.695652173913043
2011-10-10,4.3478260869565215
2011-10-11,14.229249011857707
2011-10-12,13.83399209486166
2011-10-13,2.766798418972332
2011-10-14,10.67193675889328
2011-10-15,7.905138339920949
2011-10-16,22.92490118577075
2011-10-17,13.438735177865613
2011-10-18,12.648221343873518
2011-10-19,25.29644268774703
2011-10-20,11.857707509881422
2011-10-21,22.92490118577075
2011-10-22,14.229249011857707
2011-10-23,18.57707509881423
2011-10-24,28.458498023715414
2011-10-25,7.905138339920949
2011-10-26,0.0
2011-10-27,11.857707509881422
2011-10-28,10.671936758893281
2011-10-29,10.276679841897234
2011-10-30,4.3478260869565215
2011-10-31,11.06719367588933
2011-11-01,20.948616600790512
2011-11-02,17.391304347826086
2011-11-03,0.0
2011-11-04,6.719367588932807
2011-11-05,3.5573122529644268
2011-11-06,2.371541501976284
2011-11-07,22.92490118577075
2011-11-08,18.18181818181818
2011-11-09,24.505928853754938
2011-11-10,13.043478260869565
2011-11-11,11.067193675889328
2011-11-12,3.5573122529644263
2011-11-13,10.67193675889328
2011-11-14,28.063241106719367
2011-11-15,31.620553359683797
2011-11-16,24.50592885375494
2011-11-17,21.343873517786562
2011-11-18,24.11067193675889
2011-11-19,16.99604743083004
2011-11-20,0.3952569169960474
2011-11-21,37.944664031620555
2011-11-22,9.881422924901186
2011-11-23,10.276679841897234
2011-11-24,11.06719367588933
2011-11-25,31.225296442687746
2011-11-26,7.905138339920949
2011-11-27,2.371541501976284
2011-11-28,24.110671936758894
2011-11-29,7.114624505928854
2011-11-30,14.229249011857707
2011-12-01,20.158102766798418
2011-12-02,23.715415019762847
2011-12-03,23.3201581027668
2011-12-04,11.857707509881422
2011-12-05,1.9762845849802368
2011-12-06,8.300395256916996
2011-12-07,8.695652173913043
2011-12-08,28.458498023715418
2011-12-09,14.624505928853756
2011-12-10,7.1146245059288535
2011-12-11,26.086956521739133
2011-12-12,12.252964426877472
2011-12-13,29.64426877470356
2011-12-14,22.92490118577075
2011-12-15,0.0
2011-12-16,15.810276679841897
2011-12-17,11.857707509881422
2011-12-18,5.928853754940711
2011-12-19,13.438735177865611
2011-12-20,0.0
2011-12-21,16.20553359683794
2011-12-22,19.367588932806324
2011-12-23,11.462450592885375
2011-12-24,24.505928853754938
2011-12-25,7.905138339920948
2011-12-26,3.1620553359683794
2011-12-27,14.229249011857707
2011-12-28,13.438735177865613
2011-12-29,15.810276679841897
2011-12-30,15.41501976284585
2011-12-31,11.857707509881424
2012-01-01,5.928853754940712
2012-01-02,14.624505928853754
2012-01-03,20.553359683794465
2012-01-04,32.015810276679844
2012-01-05,20.553359683794465
2012-01-06,22.92490118577075
2012-01-07,32.80632411067194
2012-01-08,27.272727272727277
2012-01-09,17.786561264822133
2012-01-10,20.553359683794465
2012-01-11,11.857707509881424
2012-01-12,22.134387351778656
2012-01-13,11.067193675889328
2012-01-14,5.138339920948616
2012-01-15,22.134387351778656
2012-01-16,10.276679841897232
2012-01-17,20.948616600790512
2012-01-18,15.810276679841897
2012-01-19,9.881422924901186
2012-01-20,11.462450592885375
2012-01-21,0.3952569169960474
2012-01-22,22.529644268774703
2012-01-23,27.66798418972332
2012-01-24,13.043478260869566
2012-01-25,16.600790513833992
2012-01-26,27.272727272727273
2012-01-27,9.090909090909092
2012-01-28,22.134387351778656
2012-01-29,15.019762845849801
2012-01-30,29.644268774703555
2012-01-31,7.905138339920949
2012-02-01,7.905138339920949
2012-02-02,26.877470355731226
2012-02-03,5.928853754940712
2012-02-04,2.7667984189723316
2012-02-05,22.529644268774703
2012-02-06,18.57707509881423
2012-02-07,32.015810276679844
2012-02-08,17.786561264822133
2012-02-09,11.067193675889328
2012-02-10,10.671936758893281
2012-02-11,12.648221343873518
2012-02-12,7.905138339920949
2012-02-13,13.438735177865613
2012-02-14,6.324110671936759
2012-02-15,1.185770750988142
2012-02-16,9.486166007905139
2012-02-17,22.92490118577075
2012-02-18,22.529644268774703
2012-02-19,7.509881422924901
2012-02-20,8.300395256916996
2012-02-21,16.600790513833992
2012-02-22,17.786561264822133
2012-02-23,22.92490118577075
2012-02-24,23.3201581027668
2012-02-25,0.3952569169960474
2012-02-26,16.600790513833992
2012-02-27,15.41501976284585
2012-02-28,8.300395256916996
2012-02-29,4.3478260869565215
2012-03-01,20.55335968379447
2012-03-02,22.529644268774703
2012-03-03,31.620553359683797
2012-03-04,2.7667984189723316
2012-03-05,15.019762845849801
2012-03-06,8.300395256916996
2012-03-07,16.99604743083004
2012-03-08,17.786561264822133
2012-03-09,10.276679841897234
2012-03-10,17.786561264822133
2012-03-11,13.043478260869565
2012-03-12,14.624505928853754
2012-03-13,22.92490118577075
2012-03-14,21.73913043478261
2012-03-15,18.972332015810274
2012-03-16,17.391304347826086
2012-03-17,20.158102766798418
2012-03-18,8.695652173913045
2012-03-19,16.99604743083004
2012-03-20,13.438735177865613
2012-03-21,45.8498023715415
2012-03-22,20.948616600790515
2012-03-23,15.810276679841895
2012-03-24,17.391304347826086
2012-03-25,27.272727272727273
2012-03-26,28.458498023715418
2012-03-27,10.671936758893281
2012-03-28,23.3201581027668
2012-03-29,25.691699604743082
2012-03-30,11.06719367588933
2012-03-31,20.948616600790512
2012-04-01,12.64822134387352
2012-04-02,5.138339920948616
2012-04-03,18.577075098814227
2012-04-04,5.533596837944665
2012-04-05,24.90118577075099
2012-04-06,19.76284584980237
2012-04-07,26.877470355731226
2012-04-08,20.553359683794465
2012-04-09,29.24901185770751
2012-04-10,42.29249011857708
2012-04-11,25.691699604743086
2012-04-12,28.063241106719364
2012-04-13,22.134387351778656
2012-04-14,13.043478260869565
2012-04-15,8.300395256916996
2012-04-16,10.276679841897234
2012-04-17,3.557312252964427
2012-04-18,23.715415019762847
2012-04-19,22.134387351778656
2012-04-20,9.090909090909092
2012-04-21,20.158102766798418
2012-04-22,8.695652173913043
2012-04-23,23.715415019762844
2012-04-24,18.181818181818183
2012-04-25,10.671936758893281
2012-04-26,19.76284584980237
2012-04-27,18.181818181818183
2012-04-28,4.3478260869565215
2012-04-29,4.74308300395257
2012-04-30,6.719367588932807
2012-05-01,31.620553359683797
2012-05-02,1.976284584980237
2012-05-03,32.015810276679844
2012-05-04,11.067193675889328
2012-05-05,12.64822134387352
2012-05-06,15.019762845849801
2012-05-07,26.086956521739133
2012-05-08,13.438735177865611
2012-05-09,13.83399209486166
2012-05-10,41.10671936758893
2012-05-11,6.324110671936759
2012-05-12,9.09090909090909
2012-05-13,4.743083003952568
2012-05-14,29.64426877470356
2012-05-15,14.624505928853754
2012-05-16,10.671936758893281
2012-05-17,7.1146245059288535
2012-05-18,19.367588932806324
2012-05-19,23.715415019762847
2012-05-20,24.50592885375494
2012-05-21,8.695652173913043
2012-05-22,31.620553359683793
2012-05-23,15.415019762845851
2012-05-24,16.205533596837945
2012-05-25,28.06324110671937
2012-05-26,16.600790513833992
2012-05-27,17.786561264822133
2012-05-28,11.857707509881424
2012-05-29,3.9525691699604746
2012-05-30,20.553359683794465
2012-05-31,19.76284584980237
2012-06-01,31.225296442687746
2012-06-02,18.181818181818183
2012-06-03,25.296442687747035
2012-06-04,12.648221343873518
2012-06-05,16.205533596837945
2012-06-06,10.276679841897234
2012-06-07,18.18181818181818
2012-06-08,5.928853754940711
2012-06-09,15.019762845849803
2012-06-10,8.300395256916996
2012-06-11,22.529644268774703
2012-06-12,0.0
2012-06-13,0.3952569169960474
2012-06-14,22.529644268774703
2012-06-15,11.462450592885375
2012-06-16,16.99604743083004
2012-06-17,18.972332015810274
2012-06-18,10.671936758893281
2012-06-19,13.043478260869566
2012-06-20,13.83399209486166
2012-06-21,22.924901185770754
2012-06-22,10.276679841897234
2012-06-23,27.27272727272727
2012-06-24,22.92490118577075
2012-06-25,28.063241106719367
2012-06-26,2.7667984189723316
2012-06-27,8.695652173913043
2012-06-28,13.043478260869565
2012-06-29,10.671936758893281
2012-06-30,16.205533596837945
2012-07-01,7.905138339920948
2012-07-02,11.857707509881424
2012-07-03,13.83399209486166
2012-07-04,20.948616600790512
2012-07-05,8.300395256916996
2012-07-06,11.067193675889326
2012-07-07,24.110671936758894
2012-07-08,12.25296442687747
2012-07-09,7.114624505928854
2012-07-10,22.92490118577075
2012-07-11,9.09090909090909
2012-07-12,16.99604743083004
2012-07-13,26.482213438735176
2012-07-14,10.27667984189723
2012-07-15,8.695652173913043
2012-07-16,11.462450592885375
2012-07-17,22.134387351778656
2012-07-18,15.810276679841898
2012-07-19,4.743083003952568
2012-07-20,20.55335968379447
2012-07-21,13.438735177865613
2012-07-22,26.08695652173913
2012-07-23,7.905138339920949
2012-07-24,11.857707509881424
2012-07-25,9.881422924901187
2012-07-26,10.276679841897232
2012-07-27,16.205533596837945
2012-07-28,8.695652173913043
2012-07-29,4.743083003952569
2012-07-30,1.5810276679841897
2012-07-31,13.833992094861658
2012-08-01,23.320158102766797
2012-08-02,19.367588932806324
2012-08-03,3.952569169960474
2012-08-04,13.043478260869565
2012-08-05,26.482213438735176
2012-08-06,34.78260869565217
2012-08-07,25.296442687747035
2012-08-08,12.64822134387352
2012-08-09,12.648221343873518
2012-08-10,26.086956521739133
2012-08-11,12.648221343873518
2012-08-12,21.73913043478261
2012-08-13,15.41501976284585
2012-08-14,15.415019762845851
2012-08-15,23.715415019762844
2012-08-16,25.691699604743086
2012-08-17,20.15810276679842
2012-08-18,1.9762845849802373
2012-08-19,1.5810276679841897
2012-08-20,17.786561264822137
2012-08-21,18.57707509881423
2012-08-22,23.715415019762844
2012-08-23,32.41106719367589
2012-08-24,5.928853754940711
2012-08-25,12.648221343873516
2012-08-26,18.18181818181818
2012-08-27,16.600790513833992
2012-08-28,8.300395256916996
2012-08-29,19.36758893280632
2012-08-30,13.043478260869566
2012-08-31,20.55335968379447
2012-09-01,21.34387351778656
2012-09-02,12.64822134387352
2012-09-03,5.533596837944664
2012-09-04,16.99604743083004
2012-09-05,25.29644268774704
2012-09-06,20.158102766798418
2012-09-07,8.695652173913045
2012-09-08,3.9525691699604746
2012-09-09,13.438735177865613
2012-09-10,15.41501976284585
2012-09-11,28.458498023715414
2012-09-12,17.391304347826086
2012-09-13,14.624505928853754
2012-09-14,10.671936758893281
2012-09-15,0.0
2012-09-16,0.3952569169960474
2012-09-17,7.1146245059288535
2012-09-18,37.154150197628454
2012-09-19,1.5810276679841897
2012-09-20,13.043478260869565
2012-09-21,20.553359683794465
2012-09-22,7.114624505928854
2012-09-23,8.695652173913043
2012-09-24,18.18181818181818
2012-09-25,18.972332015810277
2012-09-26,6.324110671936759
2012-09-27,26.482213438735176
2012-09-28,8.300395256916996
2012-09-29,2.371541501976284
2012-09-30,26.08695652173913
2012-10-01,7.905138339920949
2012-10-02,7.905138339920948
2012-10-03,42.29249011857707
2012-10-04,18.972332015810277
2012-10-05,5.928853754940711
2012-10-06,25.296442687747035
2012-10-07,7.509881422924902
2012-10-08,9.090909090909092
2012-10-09,28.063241106719364
2012-10-10,9.09090909090909
2012-10-11,15.810276679841895
2012-10-12,9.486166007905139
2012-10-13,15.019762845849801
2012-10-14,27.66798418972332
2012-10-15,20.55335968379446
2012-10-16,19.36758893280632
2012-10-17,21.34387351778656
2012-10-18,14.229249011857707
2012-10-19,43.083003952569165
2012-10-20,6.719367588932806
2012-10-21,8.300395256916996
2012-10-22,15.019762845849801
2012-10-23,20.948616600790512
2012-10-24,28.458498023715414
2012-10-25,18.577075098814227
2012-10-26,13.043478260869565
2012-10-27,21.73913043478261
2012-10-28,15.810276679841897
2012-10-29,10.671936758893281
2012-10-30,34.78260869565217
2012-10-31,8.300395256916996
2012-11-01,15.41501976284585
2012-11-02,22.529644268774703
2012-11-03,12.648221343873516
2012-11-04,26.482213438735176
2012-11-05,22.529644268774703
2012-11-06,26.482213438735176
2012-11-07,0.0
2012-11-08,14.624505928853756
2012-11-09,26.482213438735172
2012-11-10,7.1146245059288535
2012-11-11,0.0
2012-11-12,20.948616600790515
2012-11-13,18.181818181818183
2012-11-14,20.158102766798418
2012-11-15,3.9525691699604746
2012-11-16,8.695652173913043
2012-11-17,29.644268774703555
2012-11-18,16.99604743083004
2012-11-19,17.391304347826086
2012-11-20,26.086956521739133
2012-11-21,13.043478260869566
2012-11-22,16.600790513833992
2012-11-23,0.7905138339920948
2012-11-24,0.0
2012-11-25,25.296442687747035
2012-11-26,5.138339920948616
2012-11-27,37.94466403162055
2012-11-28,16.600790513833992
2012-11-29,10.671936758893281
2012-11-30,8.695652173913043
2012-12-01,20.948616600790515
2012-12-02,12.252964426877472
2012-12-03,6.719367588932807
2012-12-04,37.15415019762846
2012-12-05,19.367588932806324
2012-12-06,2.371541501976284
2012-12-07,14.624505928853756
2012-12-08,24.50592885375494
2012-12-09,16.99604743083004
2012-12-10,8.300395256916996
2012-12-11,22.134387351778656
2012-12-12,1.5810276679841897
2012-12-13,18.972332015810274
2012-12-14,3.1620553359683794
2012-12-15,0.0
2012-12-16,11.857707509881422
2012-12-17,1.9762845849802373
2012-12-18,7.905138339920948
2012-12-19,26.877470355731223
2012-12-20,7.905138339920948
2012-12-21,1.1857707509881423
2012-12-22,18.18181818181818
2012-12-23,14.624505928853754
2012-12-24,6.324110671936759
2012-12-25,20.158102766798418
2012-12-26,11.857707509881424
2012-12-27,31.620553359683797
2012-12-28,2.766798418972332
2012-12-29,9.090909090909092
2012-12-30,21.34387351778656
2012-12-31,2.371541501976284
2013-01-01,1.185770750988142
2013-01-02,8.695652173913043
2013-01-03,8.695652173913043
2013-01-04,6.719367588932806
2013-01-05,8.695652173913043
2013-01-06,22.924901185770754
2013-01-07,10.276679841897234
2013-01-08,33.20158102766798
2013-01-09,8.300395256916996
2013-01-10,13.438735177865613
2013-01-11,18.18181818181818
2013-01-12,26.877470355731226
2013-01-13,13.833992094861658
2013-01-14,28.063241106719367
2013-01-15,15.019762845849804
2013-01-16,24.11067193675889
2013-01-17,28.458498023715414
2013-01-18,20.553359683794465
2013-01-19,41.897233201581024
2013-01-20,24.11067193675889
2013-01-21,5.928853754940711
2013-01-22,8.695652173913043
2013-01-23,4.3478260869565215
2013-01-24,14.229249011857707
2013-01-25,15.019762845849801
2013-01-26,8.695652173913043
2013-01-27,47.43083003952569
2013-01-28,16.600790513833992
2013-01-29,30.434782608695652
2013-01-30,12.648221343873518
2013-01-31,17.391304347826086
2013-02-01,13.043478260869566
2013-02-02,15.41501976284585
2013-02-03,4.347826086956522
2013-02-04,12.648221343873518
2013-02-05,16.600790513833992
2013-02-06,18.57707509881423
2013-02-07,15.415019762845848
2013-02-08,11.857707509881422
2013-02-09,20.158102766798418
2013-02-10,24.11067193675889
2013-02-11,17.391304347826086
2013-02-12,20.553359683794465
2013-02-13,29.644268774703562
2013-02-14,8.695652173913045
2013-02-15,17.391304347826086
2013-02-16,36.75889328063241
2013-02-17,13.043478260869565
2013-02-18,18.972332015810274
2013-02-19,24.90118577075099
2013-02-20,27.272727272727273
2013-02-21,20.553359683794465
2013-02-22,3.952569169960474
2013-02-23,22.529644268774703
2013-02-24,24.110671936758894
2013-02-25,22.134387351778656
2013-02-26,12.64822134387352
2013-02-27,33.99209486166008
2013-02-28,33.59683794466403
2013-03-01,22.134387351778653
2013-03-02,14.624505928853756
2013-03-03,13.043478260869566
2013-03-04,35.573122529644266
2013-03-05,8.695652173913043
2013-03-06,6.719367588932807
2013-03-07,22.134387351778656
2013-03-08,24.110671936758894
2013-03-09,13.043478260869565
2013-03-10,5.138339920948617
2013-03-11,15.41501976284585
2013-03-12,18.972332015810277
2013-03-13,13.438735177865613
2013-03-14,11.857707509881422
2013-03-15,29.249011857707508
2013-03-16,19.76284584980237
2013-03-17,16.205533596837945
2013-03-18,18.972332015810277
2013-03-19,20.948616600790512
2013-03-20,3.1620553359683794
2013-03-21,18.972332015810274
2013-03-22,5.533596837944664
2013-03-23,5.928853754940712
2013-03-24,17.786561264822133
2013-03-25,18.577075098814227
2013-03-26,24.90118577075099
2013-03-27,24.901185770750985
2013-03-28,26.877470355731223
2013-03-29,31.620553359683793
2013-03-30,9.090909090909092
2013-03-31,13.438735177865613
2013-04-01,29.249011857707508
2013-04-02,17.391304347826086
2013-04-03,18.972332015810277
2013-04-04,36.75889328063241
2013-04-05,21.739130434782613
2013-04-06,25.296442687747035
2013-04-07,13.043478260869565
2013-04-08,19.76284584980237
2013-04-09,21.34387351778656
2013-04-10,17.391304347826086
2013-04-11,18.181818181818183
2013-04-12,25.691699604743082
2013-04-13,9.486166007905139
2013-04-14,11.067193675889328
2013-04-15,17.786561264822137
2013-04-16,39.52569169960474
2013-04-17,17.391304347826086
2013-04-18,18.57707509881423
2013-04-19,23.320158102766797
2013-04-20,24.50592885375494
2013-04-21,16.600790513833992
2013-04-22,7.509881422924901
2013-04-23,36.75889328063241
2013-04-24,28.85375494071146
2013-04-25,22.134387351778656
2013-04-26,29.24901185770751
2013-04-27,11.462450592885373
2013-04-28,20.158102766798418
2013-04-29,13.83399209486166
2013-04-30,26.877470355731223
2013-05-01,18.972332015810274
2013-05-02,15.810276679841897
2013-05-03,0.0
2013-05-04,18.18181818181818
2013-05-05,4.743083003952568
2013-05-06,18.181818181818183
2013-05-07,10.276679841897234
2013-05-08,15.019762845849803
2013-05-09,28.458498023715414
2013-05-10,32.41106719367588
2013-05-11,17.391304347826086
2013-05-12,9.486166007905139
2013-05-13,5.928853754940712
2013-05-14,43.47826086956522
2013-05-15,28.063241106719364
2013-05-16,16.99604743083004
2013-05-17,13.438735177865611
2013-05-18,21.343873517786562
2013-05-19,8.695652173913043
2013-05-20,18.181818181818183
2013-05-21,24.110671936758894
2013-05-22,11.462450592885375
2013-05-23,11.462450592885375
2013-05-24,20.55335968379447
2013-05-25,33.59683794466403
2013-05-26,15.810276679841897
2013-05-27,20.948616600790512
2013-05-28,12.25296442687747
2013-05-29,34.78260869565217
2013-05-30,8.695652173913043
2013-05-31,26.877470355731226
2013-06-01,2.766798418972332
2013-06-02,16.600790513833992
2013-06-03,5.533596837944664
2013-06-04,8.695652173913043
2013-06-05,5.138339920948617
2013-06-06,1.9762845849802368
2013-06-07,55.73122529644268
2013-06-08,38.73517786561264
2013-06-09,6.719367588932806
2013-06-10,35.573122529644266
2013-06-11,5.138339920948617
2013-06-12,15.019762845849803
2013-06-13,35.573122529644266
2013-06-14,28.853754940711465
2013-06-15,20.553359683794465
2013-06-16,13.043478260869566
2013-06-17,15.810276679841898
2013-06-18,7.90513833992095
2013-06-19,18.18181818181818
2013-06-20,30.8300395256917
2013-06-21,15.019762845849804
2013-06-22,28.458498023715414
2013-06-23,23.3201581027668
2013-06-24,15.41501976284585
2013-06-25,20.158102766798418
2013-06-26,26.48221343873518
2013-06-27,22.924901185770754
2013-06-28,14.624505928853754
2013-06-29,12.648221343873518
2013-06-30,11.462450592885375
2013-07-01,13.043478260869565
2013-07-02,29.644268774703555
2013-07-03,19.762845849802368
2013-07-04,12.64822134387352
2013-07-05,14.229249011857707
2013-07-06,11.067193675889328
2013-07-07,34.78260869565217
2013-07-08,16.996047430830043
2013-07-09,18.181818181818183
2013-07-10,8.695652173913043
2013-07-11,20.553359683794465
2013-07-12,28.853754940711465
2013-07-13,8.695652173913045
2013-07-14,28.853754940711465
2013-07-15,36.75889328063241
2013-07-16,2.371541501976284
2013-07-17,5.138339920948617
2013-07-18,13.833992094861658
2013-07-19,28.85375494071146
2013-07-20,17.786561264822133
2013-07-21,22.924901185770754
2013-07-22,9.881422924901186
2013-07-23,16.205533596837945
2013-07-24,2.766798418972332
2013-07-25,18.57707509881423
2013-07-26,19.76284584980237
2013-07-27,29.249011857707508
2013-07-28,7.509881422924902
2013-07-29,14.229249011857707
2013-07-30,26.877470355731223
2013-07-31,26.482213438735176
2013-08-01,20.948616600790515
2013-08-02,20.15810276679842
2013-08-03,26.48221343873518
2013-08-04,26.086956521739133
2013-08-05,21.73913043478261
2013-08-06,13.438735177865613
2013-08-07,5.138339920948617
2013-08-08,27.272727272727277
2013-08-09,24.505928853754938
2013-08-10,29.249011857707508
2013-08-11,27.272727272727273
2013-08-12,31.620553359683793
2013-08-13,22.134387351778653
2013-08-14,9.881422924901186
2013-08-15,21.343873517786562
2013-08-16,32.01581027667984
2013-08-17,21.73913043478261
2013-08-18,3.557312252964427
2013-08-19,8.695652173913045
2013-08-20,38.339920948616594
2013-08-21,9.486166007905139
2013-08-22,6.324110671936759
2013-08-23,24.90118577075099
2013-08-24,9.090909090909092
2013-08-25,23.3201581027668
2013-08-26,25.296442687747035
2013-08-27,9.881422924901186
2013-08-28,0.0
2013-08-29,10.67193675889328
2013-08-30,18.57707509881423
2013-08-31,26.08695652173913
2013-09-01,30.8300395256917
2013-09-02,22.529644268774703
2013-09-03,18.972332015810277
2013-09-04,13.043478260869565
2013-09-05,27.27272727272727
2013-09-06,6.324110671936759
2013-09-07,14.624505928853756
2013-09-08,10.276679841897234
2013-09-09,24.50592885375494
2013-09-10,19.76284584980237
2013-09-11,42.687747035573125
2013-09-12,18.18181818181818
2013-09-13,14.624505928853754
2013-09-14,31.620553359683797
2013-09-15,14.229249011857707
2013-09-16,29.24901185770751
2013-09-17,30.43478260869565
2013-09-18,8.300395256916996
2013-09-19,12.648221343873516
2013-09-20,20.55335968379447
2013-09-21,18.18181818181818
2013-09-22,24.505928853754945
2013-09-23,9.486166007905139
2013-09-24,5.928853754940712
2013-09-25,28.458498023715414
2013-09-26,14.624505928853756
2013-09-27,35.96837944664031
2013-09-28,17.786561264822133
2013-09-29,18.972332015810277
2013-09-30,24.901185770750985
2013-10-01,25.29644268774703
2013-10-02,21.739130434782606
2013-10-03,18.181818181818183
2013-10-04,18.972332015810277
2013-10-05,11.462450592885375
2013-10-06,28.85375494071146
2013-10-07,0.0
2013-10-08,24.50592885375494
2013-10-09,17.391304347826086
2013-10-10,22.92490118577075
2013-10-11,27.272727272727273
2013-10-12,29.644268774703555
2013-10-13,5.138339920948616
2013-10-14,15.41501976284585
2013-10-15,48.61660079051383
2013-10-16,9.881422924901186
2013-10-17,22.134387351778656
2013-10-18,13.438735177865611
2013-10-19,28.853754940711465
2013-10-20,33.201581027667984
2013-10-21,9.09090909090909
2013-10-22,16.99604743083004
2013-10-23,16.205533596837945
2013-10-24,26.086956521739133
2013-10-25,21.343873517786562
2013-10-26,32.41106719367589
2013-10-27,30.830039525691696
2013-10-28,29.64426877470356
2013-10-29,35.96837944664031
2013-10-30,30.434782608695652
2013-10-31,22.134387351778653
2013-11-01,13.83399209486166
2013-11-02,18.18181818181818
2013-11-03,22.529644268774703
2013-11-04,16.99604743083004
2013-11-05,33.201581027667984
2013-11-06,17.391304347826086
2013-11-07,29.64426877470356
2013-11-08,18.577075098814227
2013-11-09,20.948616600790512
2013-11-10,11.067193675889328
2013-11-11,11.462450592885375
2013-11-12,9.48616600790514
2013-11-13,27.272727272727266
2013-11-14,41.50197628458498
2013-11-15,22.529644268774703
2013-11-16,22.92490118577075
2013-11-17,26.877470355731226
2013-11-18,22.92490118577075
2013-11-19,24.901185770750992
2013-11-20,15.41501976284585
2013-11-21,32.41106719367588
2013-11-22,28.063241106719367
2013-11-23,14.229249011857709
2013-11-24,21.73913043478261
2013-11-25,13.438735177865611
2013-11-26,24.505928853754938
2013-11-27,23.320158102766797
2013-11-28,16.205533596837945
2013-11-29,8.695652173913043
2013-11-30,11.067193675889328
2013-12-01,26.877470355731223
2013-12-02,26.086956521739133
2013-12-03,14.624505928853756
2013-12-04,20.553359683794465
2013-12-05,30.434782608695652
2013-12-06,18.577075098814227
2013-12-07,22.134387351778656
2013-12-08,34.387351778656125
2013-12-09,18.18181818181818
2013-12-10,12.648221343873518
2013-12-11,8.695652173913045
2013-12-12,6.324110671936759
2013-12-13,30.039525691699605
2013-12-14,35.573122529644266
2013-12-15,36.36363636363636
2013-12-16,14.229249011857707
2013-12-17,16.996047430830043
2013-12-18,13.83399209486166
2013-12-19,5.928853754940711
2013-12-20,18.57707509881423
2013-12-21,19.76284584980237
2013-12-22,12.252964426877469
2013-12-23,11.857707509881422
2013-12-24,22.529644268774703
2013-12-25,22.92490118577075
2013-12-26,14.229249011857707
2013-12-27,10.276679841897234
2013-12-28,9.881422924901186
2013-12-29,19.76284584980237
2013-12-30,32.80632411067194
2013-12-31,28.853754940711465
2014-01-01,16.205533596837945
2014-01-02,19.762845849802375
2014-01-03,18.181818181818183
2014-01-04,10.276679841897234
2014-01-05,18.18181818181818
2014-01-06,28.458498023715418
2014-01-07,3.1620553359683794
2014-01-08,24.90118577075099
2014-01-09,35.17786561264822
2014-01-10,11.067193675889328
2014-01-11,9.486166007905139
2014-01-12,3.9525691699604746
2014-01-13,4.743083003952569
2014-01-14,27.272727272727273
2014-01-15,24.505928853754938
2014-01-16,19.76284584980237
2014-01-17,7.509881422924902
2014-01-18,16.600790513833992
2014-01-19,30.434782608695652
2014-01-20,48.22134387351778
2014-01-21,19.76284584980237
2014-01-22,16.600790513833992
2014-01-23,20.55335968379447
2014-01-24,15.415019762845851
2014-01-25,0.0
2014-01-26,12.252964426877469
2014-01-27,31.620553359683793
2014-01-28,1.5810276679841897
2014-01-29,48.22134387351778
2014-01-30,14.229249011857707
2014-01-31,32.80632411067194
2014-02-01,12.648221343873518
2014-02-02,12.648221343873518
2014-02-03,15.41501976284585
2014-02-04,20.553359683794465
2014-02-05,14.624505928853754
2014-02-06,20.158102766798418
2014-02-07,19.367588932806324
2014-02-08,2.3715415019762847
2014-02-09,31.22529644268775
2014-02-10,24.50592885375494
2014-02-11,22.529644268774703
2014-02-12,0.3952569169960474
2014-02-13,7.5098814229249005
2014-02-14,5.533596837944665
2014-02-15,8.695652173913045
2014-02-16,11.462450592885375
2014-02-17,13.043478260869565
2014-02-18,11.462450592885377
2014-02-19,7.1146245059288535
2014-02-20,17.391304347826086
2014-02-21,8.695652173913045
2014-02-22,0.0
2014-02-23,7.5098814229249005
2014-02-24,11.06719367588933
2014-02-25,20.948616600790515
2014-02-26,12.648221343873518
2014-02-27,18.57707509881423
2014-02-28,7.509881422924902
2014-03-01,14.624505928853754
2014-03-02,23.320158102766797
2014-03-03,14.229249011857707
2014-03-04,11.067193675889328
2014-03-05,0.0
2014-03-06,16.99604743083004
2014-03-07,19.367588932806324
2014-03-08,10.276679841897234
2014-03-09,37.94466403162055
2014-03-10,28.458498023715414
2014-03-11,34.387351778656125
2014-03-12,22.5296442687747
2014-03-13,16.99604743083004
2014-03-14,28.85375494071146
2014-03-15,15.415019762845848
2014-03-16,12.648221343873518
2014-03-17,27.272727272727277
2014-03-18,17.786561264822133
2014-03-19,19.76284584980237
2014-03-20,37.15415019762846
2014-03-21,22.529644268774703
2014-03-22,12.25296442687747
2014-03-23,25.296442687747035
2014-03-24,24.110671936758894
2014-03-25,13.438735177865613
2014-03-26,20.158102766798418
2014-03-27,11.857707509881424
2014-03-28,15.019762845849803
2014-03-29,21.73913043478261
2014-03-30,20.55335968379447
2014-03-31,16.600790513833992
2014-04-01,16.600790513833992
2014-04-02,2.766798418972332
2014-04-03,6.719367588932806
2014-04-04,14.229249011857707
2014-04-05,30.434782608695652
2014-04-06,23.715415019762847
2014-04-07,5.138339920948617
2014-04-08,6.324110671936759
2014-04-09,18.577075098814227
2014-04-10,19.36758893280632
2014-04-11,16.600790513833992
2014-04-12,19.76284584980237
2014-04-13,15.019762845849801
2014-04-14,16.205533596837945
2014-04-15,6.719367588932807
2014-04-16,15.019762845849803
2014-04-17,20.158102766798418
2014-04-18,8.695652173913045
2014-04-19,3.5573122529644268
2014-04-20,14.624505928853754
2014-04-21,3.9525691699604746
2014-04-22,2.371541501976284
2014-04-23,24.110671936758894
2014-04-24,16.600790513833996
2014-04-25,18.97233201581028
2014-04-26,13.83399209486166
2014-04-27,23.715415019762844
2014-04-28,18.57707509881423
2014-04-29,15.41501976284585
2014-04-30,7.905138339920948
2014-05-01,16.600790513833992
2014-05-02,20.948616600790512
2014-05-03,20.948616600790512
2014-05-04,17.39130434782609
2014-05-05,25.691699604743082
2014-05-06,30.039525691699605
2014-05-07,1.9762845849802373
2014-05-08,24.90118577075099
2014-05-09,28.853754940711465
2014-05-10,35.17786561264822
2014-05-11,24.505928853754938
2014-05-12,20.553359683794465
2014-05-13,3.162055335968379
2014-05-14,7.114624505928854
2014-05-15,26.482213438735176
2014-05-16,15.415019762845851
2014-05-17,4.347826086956522
2014-05-18,20.553359683794465
2014-05-19,7.1146245059288535
2014-05-20,20.158102766798418
2014-05-21,30.830039525691703
2014-05-22,20.158102766798418
2014-05-23,25.29644268774704
2014-05-24,14.624505928853758
2014-05-25,18.18181818181818
2014-05-26,15.019762845849801
2014-05-27,16.205533596837945
2014-05-28,32.41106719367589
2014-05-29,16.205533596837945
2014-05-30,11.462450592885375
2014-05-31,34.78260869565217
2014-06-01,16.99604743083004
2014-06-02,12.648221343873518
2014-06-03,16.205533596837945
2014-06-04,8.695652173913043
2014-06-05,24.50592885375494
2014-06-06,12.648221343873516
2014-06-07,46.640316205533594
2014-06-08,8.695652173913043
2014-06-09,20.158102766798418
2014-06-10,7.114624505928853
2014-06-11,19.36758893280632
2014-06-12,21.73913043478261
2014-06-13,22.134387351778656
2014-06-14,16.99604743083004
2014-06-15,30.039525691699605
2014-06-16,0.7905138339920948
2014-06-17,18.577075098814227
2014-06-18,7.1146245059288535
2014-06-19,14.624505928853756
2014-06-20,15.019762845849803
2014-06-21,3.5573122529644268
2014-06-22,24.901185770750985
2014-06-23,11.857707509881424
2014-06-24,25.691699604743082
2014-06-25,21.343873517786562
2014-06-26,11.857707509881424
2014-06-27,18.972332015810277
2014-06-28,15.019762845849803
2014-06-29,20.553359683794465
2014-06-30,27.66798418972332
2014-07-01,9.09090909090909
2014-07-02,9.090909090909092
2014-07-03,3.1620553359683794
2014-07-04,18.972332015810274
2014-07-05,25.296442687747035
2014-07-06,26.482213438735176
2014-07-07,18.57707509881423
2014-07-08,13.438735177865611
2014-07-09,38.73517786561264
2014-07-10,25.296442687747035
2014-07-11,13.043478260869566
2014-07-12,12.648221343873518
2014-07-13,22.92490118577075
2014-07-14,9.486166007905139
2014-07-15,35.96837944664031
2014-07-16,26.48221343873518
2014-07-17,30.8300395256917
2014-07-18,33.99209486166008
2014-07-19,39.13043478260869
2014-07-20,18.972332015810274
2014-07-21,18.18181818181818
2014-07-22,7.905138339920949
2014-07-23,12.648221343873518
2014-07-24,9.090909090909092
2014-07-25,1.1857707509881423
2014-07-26,22.529644268774703
2014-07-27,9.090909090909092
2014-07-28,6.32411067193676
2014-07-29,11.067193675889328
2014-07-30,28.063241106719367
2014-07-31,0.3952569169960474
2014-08-01,12.648221343873518
2014-08-02,15.810276679841897
2014-08-03,41.10671936758894
2014-08-04,28.063241106719367
2014-08-05,12.252964426877469
2014-08-06,21.343873517786562
2014-08-07,17.391304347826086
2014-08-08,17.39130434782609
2014-08-09,20.553359683794465
2014-08-10,25.296442687747035
2014-08-11,9.090909090909092
2014-08-12,8.695652173913043
2014-08-13,40.71146245059288
2014-08-14,0.0
2014-08-15,8.695652173913043
2014-08-16,5.928853754940712
2014-08-17,17.786561264822133
2014-08-18,1.5810276679841895
2014-08-19,9.881422924901186
2014-08-20,14.624505928853754
2014-08-21,15.019762845849803
2014-08-22,13.043478260869563
2014-08-23,16.99604743083004
2014-08-24,32.015810276679844
2014-08-25,25.691699604743082
2014-08-26,31.225296442687746
2014-08-27,11.067193675889328
2014-08-28,28.06324110671937
2014-08-29,20.55335968379447
2014-08-30,16.600790513833992
2014-08-31,7.1146245059288535
2014-09-01,10.67193675889328
2014-09-02,16.600790513833992
2014-09-03,19.76284584980237
2014-09-04,18.972332015810277
2014-09-05,23.320158102766797
2014-09-06,17.786561264822133
2014-09-07,28.85375494071146
2014-09-08,11.857707509881424
2014-09-09,26.877470355731223
2014-09-10,19.762845849802368
2014-09-11,43.08300395256916
2014-09-12,28.06324110671937
2014-09-13,24.901185770750992
2014-09-14,23.3201581027668
2014-09-15,15.810276679841897
2014-09-16,4.3478260869565215
2014-09-17,24.90118577075099
2014-09-18,11.857707509881422
2014-09-19,16.99604743083004
2014-09-20,28.063241106719367
2014-09-21,13.438735177865611
2014-09-22,26.482213438735176
2014-09-23,26.086956521739125
2014-09-24,22.924901185770754
2014-09-25,15.810276679841897
2014-09-26,35.57312252964427
2014-09-27,17.786561264822133
2014-09-28,2.7667984189723316
2014-09-29,8.300395256916996
2014-09-30,15.41501976284585
2014-10-01,9.486166007905137
2014-10-02,15.41501976284585
2014-10-03,13.83399209486166
2014-10-04,19.36758893280632
2014-10-05,11.857707509881424
2014-10-06,5.138339920948616
2014-10-07,23.320158102766797
2014-10-08,23.320158102766797
2014-10-09,15.019762845849803
2014-10-10,8.300395256916996
2014-10-11,23.715415019762847
2014-10-12,14.624505928853754
2014-10-13,11.857707509881422
2014-10-14,23.3201581027668
2014-10-15,30.8300395256917
2014-10-16,25.296442687747035
2014-10-17,27.272727272727273
2014-10-18,33.201581027667984
2014-10-19,30.8300395256917
2014-10-20,25.296442687747035
2014-10-21,15.019762845849803
2014-10-22,29.64426877470356
2014-10-23,20.948616600790515
2014-10-24,22.134387351778656
2014-10-25,19.762845849802368
2014-10-26,0.0
2014-10-27,13.83399209486166
2014-10-28,16.20553359683794
2014-10-29,12.648221343873516
2014-10-30,48.616600790513836
2014-10-31,14.229249011857707
2014-11-01,5.533596837944664
2014-11-02,24.505928853754938
2014-11-03,16.600790513833992
2014-11-04,21.343873517786562
2014-11-05,26.482213438735176
2014-11-06,14.624505928853756
2014-11-07,23.715415019762844
2014-11-08,13.438735177865611
2014-11-09,20.948616600790515
2014-11-10,14.229249011857707
2014-11-11,11.462450592885375
2014-11-12,33.201581027667984
2014-11-13,24.11067193675889
2014-11-14,16.205533596837945
2014-11-15,16.205533596837945
2014-11-16,24.901185770750992
2014-11-17,7.5098814229249005
2014-11-18,23.320158102766797
2014-11-19,21.73913043478261
2014-11-20,20.948616600790515
2014-11-21,17.391304347826086
2014-11-22,16.600790513833992
2014-11-23,17.391304347826086
2014-11-24,7.509881422924901
2014-11-25,12.25296442687747
2014-11-26,5.533596837944664
2014-11-27,16.205533596837945
2014-11-28,15.415019762845848
2014-11-29,6.32411067193676
2014-11-30,28.853754940711465
2014-12-01,16.600790513833992
2014-12-02,2.766798418972332
2014-12-03,16.205533596837945
2014-12-04,16.205533596837945
2014-12-05,16.99604743083004
2014-12-06,12.25296442687747
2014-12-07,6.324110671936759
2014-12-08,27.272727272727277
2014-12-09,1.185770750988142
2014-12-10,9.486166007905137
2014-12-11,22.134387351778656
2014-12-12,12.648221343873516
2014-12-13,39.920948616600796
2014-12-14,13.043478260869565
2014-12-15,29.249011857707508
2014-12-16,12.648221343873518
2014-12-17,15.019762845849801
2014-12-18,5.533596837944664
2014-12-19,11.857707509881422
2014-12-20,24.110671936758894
2014-12-21,5.928853754940711
2014-12-22,13.83399209486166
2014-12-23,2.3715415019762847
2014-12-24,13.438735177865611
2014-12-25,13.438735177865613
2014-12-26,1.9762845849802368
2014-12-27,16.99604743083004
2014-12-28,7.114624505928853
2014-12-29,20.553359683794465
2014-12-30,34.387351778656125
2014-12-31,34.387351778656125
2015-01-01,30.039525691699605
2015-01-02,33.99209486166008
2015-01-03,8.695652173913043
2015-01-04,7.905138339920949
2015-01-05,33.99209486166008
2015-01-06,9.486166007905139
2015-01-07,33.99209486166008
2015-01-08,11.462450592885377
2015-01-09,7.114624505928854
2015-01-10,10.67193675889328
2015-01-11,9.881422924901186
2015-01-12,20.948616600790515
2015-01-13,15.41501976284585
2015-01-14,10.276679841897232
2015-01-15,2.371541501976284
2015-01-16,12.648221343873518
2015-01-17,3.1620553359683794
2015-01-18,20.948616600790512
2015-01-19,17.786561264822133
2015-01-20,19.367588932806324
2015-01-21,23.320158102766797
2015-01-22,0.0
2015-01-23,11.06719367588933
2015-01-24,22.92490118577075
2015-01-25,22.134387351778656
2015-01-26,28.06324110671937
2015-01-27,40.711462450592876
2015-01-28,32.80632411067194
2015-01-29,22.13438735177866
2015-01-30,26.086956521739133
2015-01-31,39.92094861660078
2015-02-01,15.019762845849801
2015-02-02,28.853754940711465
2015-02-03,37.154150197628454
2015-02-04,31.22529644268775
2015-02-05,17.391304347826086
2015-02-06,33.201581027667984
2015-02-07,11.857707509881424
2015-02-08,12.252964426877472
2015-02-09,24.110671936758894
2015-02-10,14.624505928853758
2015-02-11,0.0
2015-02-12,24.90118577075099
2015-02-13,27.272727272727273
2015-02-14,16.99604743083004
2015-02-15,11.462450592885377
2015-02-16,22.92490118577075
2015-02-17,23.3201581027668
2015-02-18,9.881422924901187
2015-02-19,8.695652173913043
2015-02-20,15.41501976284585
2015-02-21,11.067193675889328
2015-02-22,23.3201581027668
2015-02-23,12.648221343873518
2015-02-24,11.067193675889328
2015-02-25,3.9525691699604737
2015-02-26,7.5098814229249005
2015-02-27,31.225296442687746
2015-02-28,20.158102766798415
2015-03-01,16.205533596837945
2015-03-02,31.620553359683797
2015-03-03,44.26877470355731
2015-03-04,5.138339920948617
2015-03-05,11.462450592885375
2015-03-06,19.367588932806324
2015-03-07,24.11067193675889
2015-03-08,15.810276679841898
2015-03-09,16.600790513833992
2015-03-10,15.41501976284585
2015-03-11,13.83399209486166
2015-03-12,28.063241106719367
2015-03-13,21.73913043478261
2015-03-14,10.67193675889328
2015-03-15,16.205533596837945
2015-03-16,5.138339920948617
2015-03-17,14.624505928853754
2015-03-18,11.857707509881424
2015-03-19,8.695652173913043
2015-03-20,32.41106719367589
2015-03-21,27.272727272727273
2015-03-22,20.948616600790515
2015-03-23,20.55335968379447
2015-03-24,17.391304347826086
2015-03-25,20.948616600790515
2015-03-26,27.272727272727273
2015-03-27,23.715415019762847
2015-03-28,33.59683794466403
2015-03-29,18.18181818181818
2015-03-30,2.371541501976284
2015-03-31,0.0
2015-04-01,28.458498023715414
2015-04-02,18.57707509881423
2015-04-03,17.786561264822133
2015-04-04,7.114624505928854
2015-04-05,21.739130434782606
2015-04-06,16.99604743083004
2015-04-07,10.671936758893281
2015-04-08,10.276679841897232
2015-04-09,26.48221343873518
2015-04-10,4.347826086956522
2015-04-11,32.015810276679844
2015-04-12,13.83399209486166
2015-04-13,34.38735177865612
2015-04-14,15.41501976284585
2015-04-15,33.201581027667984
2015-04-16,1.185770750988142
2015-04-17,7.905138339920949
2015-04-18,15.810276679841898
2015-04-19,20.553359683794465
2015-04-20,27.667984189723324
2015-04-21,24.11067193675889
2015-04-22,11.462450592885377
2015-04-23,24.11067193675889
2015-04-24,21.343873517786562
2015-04-25,33.99209486166008
2015-04-26,25.691699604743082
2015-04-27,55.73122529644268
2015-04-28,14.624505928853756
2015-04-29,7.1146245059288535
2015-04-30,37.154150197628454
2015-05-01,19.76284584980237
2015-05-02,19.76284584980237
2015-05-03,31.620553359683797
2015-05-04,18.972332015810277
2015-05-05,22.134387351778656
2015-05-06,28.853754940711465
2015-05-07,14.624505928853756
2015-05-08,16.99604743083004
2015-05-09,13.83399209486166
2015-05-10,13.043478260869566
2015-05-11,19.76284584980237
2015-05-12,24.110671936758894
2015-05-13,16.205533596837945
2015-05-14,33.201581027667984
2015-05-15,18.18181818181818
2015-05-16,11.857707509881424
2015-05-17,0.0
2015-05-18,10.276679841897234
2015-05-19,17.391304347826086
2015-05-20,3.5573122529644268
2015-05-21,30.039525691699605
2015-05-22,22.529644268774703
2015-05-23,34.78260869565217
2015-05-24,20.553359683794465
2015-05-25,15.810276679841897
2015-05-26,6.719367588932806
2015-05-27,11.857707509881426
2015-05-28,26.877470355731226
2015-05-29,23.715415019762844
2015-05-30,5.533596837944664
2015-05-31,18.57707509881423
2015-06-01,5.928853754940712
2015-06-02,28.063241106719367
2015-06-03,13.83399209486166
2015-06-04,11.462450592885375
2015-06-05,6.719367588932807
2015-06-06,26.877470355731226
2015-06-07,9.881422924901187
2015-06-08,8.300395256916996
2015-06-09,13.83399209486166
2015-06-10,16.205533596837945
2015-06-11,15.415019762845851
2015-06-12,16.205533596837945
2015-06-13,23.715415019762847
2015-06-14,23.320158102766797
2015-06-15,19.36758893280632
2015-06-16,32.015810276679844
2015-06-17,16.20553359683794
2015-06-18,18.577075098814227
2015-06-19,8.300395256916996
2015-06-20,18.577075098814227
2015-06-21,11.067193675889328
2015-06-22,28.458498023715414
2015-06-23,18.18181818181818
2015-06-24,31.225296442687746
2015-06-25,25.691699604743082
2015-06-26,5.533596837944664
2015-06-27,7.90513833992095
2015-06-28,17.391304347826086
2015-06-29,32.015810276679844
2015-06-30,18.577075098814227
2015-07-01,13.83399209486166
2015-07-02,29.249011857707508
2015-07-03,14.624505928853756
2015-07-04,21.343873517786562
2015-07-05,32.80632411067194
2015-07-06,17.786561264822133
2015-07-07,0.0
2015-07-08,20.15810276679842
2015-07-09,16.600790513833992
2015-07-10,22.529644268774703
2015-07-11,19.367588932806324
2015-07-12,19.367588932806324
2015-07-13,5.138339920948616
2015-07-14,25.29644268774704
2015-07-15,24.505928853754945
2015-07-16,13.438735177865613
2015-07-17,0.0
2015-07-18,5.533596837944664
2015-07-19,24.505928853754938
2015-07-20,10.27667984189723
2015-07-21,21.73913043478261
2015-07-22,9.090909090909092
2015-07-23,5.928853754940712
2015-07-24,18.577075098814227
2015-07-25,23.715415019762844
2015-07-26,39.13043478260869
2015-07-27,8.300395256916996
2015-07-28,13.83399209486166
2015-07-29,13.438735177865613
2015-07-30,10.276679841897234
2015-07-31,18.577075098814227
2015-08-01,5.533596837944664
2015-08-02,15.810276679841897
2015-08-03,23.715415019762847
2015-08-04,1.185770750988142
2015-08-05,21.739130434782606
2015-08-06,6.719367588932807
2015-08-07,5.928853754940711
2015-08-08,5.928853754940711
2015-08-09,0.3952569169960474
2015-08-10,18.18181818181818
2015-08-11,10.671936758893281
2015-08-12,19.76284584980237
2015-08-13,25.691699604743082
2015-08-14,24.110671936758894
2015-08-15,11.462450592885377
2015-08-16,19.76284584980237
2015-08-17,24.11067193675889
2015-08-18,28.85375494071146
2015-08-19,34.387351778656125
2015-08-20,30.039525691699602
2015-08-21,14.229249011857707
2015-08-22,30.039525691699605
2015-08-23,29.24901185770751
2015-08-24,23.715415019762847
2015-08-25,3.1620553359683794
2015-08-26,18.57707509881423
2015-08-27,15.019762845849804
2015-08-28,21.343873517786562
2015-08-29,21.73913043478261
2015-08-30,9.881422924901186
2015-08-31,18.18181818181818
2015-09-01,41.10671936758894
2015-09-02,28.458498023715414
2015-09-03,39.13043478260869
2015-09-04,5.138339920948617
2015-09-05,22.13438735177866
2015-09-06,37.94466403162055
2015-09-07,9.881422924901186
2015-09-08,3.1620553359683794
2015-09-09,9.486166007905139
2015-09-10,26.482213438735176
2015-09-11,6.719367588932807
2015-09-12,27.667984189723324
2015-09-13,19.76284584980237
2015-09-14,18.972332015810277
2015-09-15,26.086956521739133
2015-09-16,22.92490118577075
2015-09-17,9.09090909090909
2015-09-18,3.9525691699604746
2015-09-19,11.857707509881424
2015-09-20,20.553359683794465
2015-09-21,19.76284584980237
2015-09-22,21.73913043478261
2015-09-23,32.015810276679844
2015-09-24,21.34387351778656
2015-09-25,15.810276679841898
2015-09-26,29.249011857707508
2015-09-27,3.1620553359683794
2015-09-28,25.69169960474308
2015-09-29,31.620553359683793
2015-09-30,13.043478260869566
2015-10-01,11.857707509881422
2015-10-02,15.019762845849804
2015-10-03,22.134387351778653
2015-10-04,39.13043478260869
2015-10-05,17.391304347826086
2015-10-06,18.18181818181818
2015-10-07,37.15415019762846
2015-10-08,24.110671936758894
2015-10-09,18.181818181818183
2015-10-10,36.36363636363636
2015-10-11,33.99209486166008
2015-10-12,28.063241106719364
2015-10-13,15.810276679841897
2015-10-14,28.85375494071146
2015-10-15,2.371541501976284
2015-10-16,16.99604743083004
2015-10-17,8.300395256916996
2015-10-18,14.229249011857707
2015-10-19,2.766798418972332
2015-10-20,8.695652173913043
2015-10-21,22.92490118577075
2015-10-22,21.343873517786562
2015-10-23,22.529644268774703
2015-10-24,11.067193675889326
2015-10-25,25.29644268774704
2015-10-26,26.08695652173913
2015-10-27,14.229249011857707
2015-10-28,10.276679841897234
2015-10-29,21.343873517786562
2015-10-30,23.3201581027668
2015-10-31,31.225296442687746
2015-11-01,18.181818181818183
2015-11-02,20.55335968379447
2015-11-03,12.648221343873516
2015-11-04,26.08695652173913
2015-11-05,24.90118577075099
2015-11-06,32.015810276679844
2015-11-07,24.110671936758894
2015-11-08,18.18181818181818
2015-11-09,12.648221343873516
2015-11-10,16.600790513833992
2015-11-11,17.786561264822137
2015-11-12,15.415019762845851
2015-11-13,20.553359683794465
2015-11-14,17.786561264822133
2015-11-15,21.73913043478261
2015-11-16,0.0
2015-11-17,18.577075098814227
2015-11-18,12.25296442687747
2015-11-19,23.320158102766797
2015-11-20,2.371541501976284
2015-11-21,23.715415019762844
2015-11-22,20.948616600790512
2015-11-23,15.41501976284585
2015-11-24,24.110671936758894
2015-11-25,18.181818181818183
2015-11-26,12.648221343873518
2015-11-27,42.29249011857707
2015-11-28,33.201581027667984
2015-11-29,11.06719367588933
2015-11-30,7.905138339920949
2015-12-01,22.529644268774707
2015-12-02,27.667984189723324
2015-12-03,7.509881422924901
2015-12-04,11.857707509881424
2015-12-05,24.50592885375494
2015-12-06,13.438735177865613
2015-12-07,5.138339920948616
2015-12-08,22.134387351778656
2015-12-09,10.671936758893281
2015-12-10,3.1620553359683794
2015-12-11,18.18181818181818
2015-12-12,18.181818181818183
2015-12-13,17.786561264822133
2015-12-14,14.624505928853756
2015-12-15,6.324110671936758
2015-12-16,5.928853754940711
2015-12-17,11.857707509881426
2015-12-18,15.810276679841898
2015-12-19,19.76284584980237
2015-12-20,13.83399209486166
2015-12-21,4.3478260869565215
2015-12-22,18.181818181818183
2015-12-23,36.36363636363637
2015-12-24,8.300395256916996
2015-12-25,2.371541501976284
2015-12-26,17.786561264822133
2015-12-27,15.415019762845851
2015-12-28,20.553359683794465
2015-12-29,22.92490118577075
2015-12-30,10.276679841897232
2015-12-31,16.205533596837945
2016-01-01,25.296442687747035
2016-01-02,14.624505928853754
2016-01-03,5.138339920948616
2016-01-04,8.300395256916996
2016-01-05,2.3715415019762847
2016-01-06,4.3478260869565215
2016-01-07,21.34387351778656
2016-01-08,15.810276679841897
2016-01-09,9.486166007905139
2016-01-10,32.80632411067194
2016-01-11,23.320158102766797
2016-01-12,20.55335968379447
2016-01-13,16.205533596837945
2016-01-14,29.644268774703555
2016-01-15,16.205533596837945
2016-01-16,13.438735177865613
2016-01-17,10.67193675889328
2016-01-18,15.019762845849801
2016-01-19,11.067193675889328
2016-01-20,25.691699604743086
2016-01-21,14.229249011857707
2016-01-22,11.857707509881424
2016-01-23,3.9525691699604746
2016-01-24,26.086956521739133
2016-01-25,15.41501976284585
2016-01-26,1.5810276679841897
2016-01-27,20.553359683794465
2016-01-28,33.99209486166008
2016-01-29,7.905138339920949
2016-01-30,13.833992094861658
2016-01-31,28.063241106719367
2016-02-01,27.272727272727273
2016-02-02,24.90118577075099
2016-02-03,27.272727272727273
2016-02-04,28.85375494071146
2016-02-05,1.5810276679841897
2016-02-06,18.972332015810277
2016-02-07,12.648221343873518
2016-02-08,14.624505928853754
2016-02-09,15.810276679841898
2016-02-10,24.90118577075099
2016-02-11,5.138339920948617
2016-02-12,14.624505928853756
2016-02-13,12.648221343873518
2016-02-14,26.08695652173913
2016-02-15,30.434782608695652
2016-02-16,17.786561264822133
2016-02-17,26.482213438735183
2016-02-18,1.5810276679841895
2016-02-19,26.086956521739133
2016-02-20,16.205533596837945
2016-02-21,9.486166007905139
2016-02-22,32.41106719367589
2016-02-23,15.41501976284585
2016-02-24,16.99604743083004
2016-02-25,5.138339920948617
2016-02-26,15.415019762845851
2016-02-27,13.833992094861658
2016-02-28,6.324110671936759
2016-02-29,15.019762845849803
2016-03-01,26.877470355731226
2016-03-02,17.786561264822133
2016-03-03,14.624505928853756
2016-03-04,16.60079051383399
2016-03-05,14.229249011857709
2016-03-06,21.343873517786562
2016-03-07,30.43478260869565
2016-03-08,7.5098814229249005
2016-03-09,40.316205533596836
2016-03-10,12.25296442687747
2016-03-11,35.573122529644266
2016-03-12,25.691699604743082
2016-03-13,20.948616600790515
2016-03-14,9.881422924901186
2016-03-15,13.83399209486166
2016-03-16,13.438735177865613
2016-03-17,26.482213438735183
2016-03-18,6.32411067193676
2016-03-19,15.019762845849801
2016-03-20,13.438735177865611
2016-03-21,30.434782608695652
2016-03-22,17.786561264822133
2016-03-23,29.64426877470356
2016-03-24,15.019762845849803
2016-03-25,13.83399209486166
2016-03-26,12.252964426877472
2016-03-28,22.134387351778656
2016-03-29,16.600790513833992
2016-03-30,9.09090909090909
2016-03-31,24.505928853754945
2016-04-01,11.462450592885375
2016-04-02,26.482213438735176
2016-04-03,19.367588932806324
2016-04-04,47.43083003952569
2016-04-05,19.76284584980237
2016-04-06,37.94466403162055
2016-04-07,16.99604743083004
2016-04-08,15.810276679841897
2016-04-09,22.924901185770754
2016-04-10,12.648221343873518
2016-04-11,14.624505928853756
2016-04-12,25.29644268774704
2016-04-13,18.18181818181818
2016-04-14,19.367588932806324
2016-04-15,12.648221343873518
2016-04-16,19.76284584980237
2016-04-17,22.92490118577075
2016-04-18,8.695652173913045
2016-04-19,20.948616600790512
2016-04-20,27.27272727272727
2016-04-21,15.41501976284585
2016-04-22,16.205533596837945
2016-04-23,18.972332015810274
2016-04-24,17.786561264822137
2016-04-25,31.620553359683793
2016-04-26,19.76284584980237
2016-04-27,15.415019762845851
2016-04-28,16.99604743083004
2016-04-29,18.577075098814227
2016-04-30,0.0
2016-05-01,4.347826086956522
2016-05-02,15.415019762845851
2016-05-03,30.8300395256917
2016-05-04,5.533596837944664
2016-05-05,19.367588932806324
2016-05-06,38.73517786561264
2016-05-07,24.110671936758894
2016-05-08,21.73913043478261
2016-05-09,18.577075098814227
2016-05-10,22.134387351778656
2016-05-11,17.391304347826086
2016-05-12,7.1146245059288535
2016-05-13,5.138339920948616
2016-05-14,8.695652173913043
2016-05-15,34.387351778656125
2016-05-16,3.557312252964427
2016-05-17,24.50592885375494
2016-05-18,25.691699604743082
2016-05-19,10.276679841897234
2016-05-20,31.225296442687746
2016-05-21,28.85375494071146
2016-05-22,0.0
2016-05-23,9.09090909090909
2016-05-24,15.810276679841895
2016-05-25,20.948616600790515
2016-05-26,22.529644268774707
2016-05-27,17.786561264822133
2016-05-28,28.063241106719367
2016-05-29,5.138339920948617
2016-05-30,40.71146245059288
2016-05-31,1.9762845849802368
2016-06-01,0.0
2016-06-02,16.600790513833992
2016-06-03,12.25296442687747
2016-06-04,11.857707509881424
2016-06-05,13.043478260869565
2016-06-06,28.458498023715414
2016-06-07,6.719367588932807
2016-06-08,7.905138339920949
2016-06-09,34.38735177865612
2016-06-10,17.786561264822137
2016-06-11,13.043478260869565
2016-06-12,14.624505928853754
2016-06-13,19.76284584980237
2016-06-14,24.90118577075099
2016-06-15,9.881422924901187
2016-06-16,13.43873517786561
2016-06-17,20.553359683794465
2016-06-18,11.462450592885375
2016-06-19,22.92490118577075
2016-06-20,7.509881422924901
2016-06-21,14.229249011857709
2016-06-22,22.92490118577075
2016-06-23,18.972332015810277
2016-06-24,0.0
2016-06-25,15.415019762845851
2016-06-26,29.24901185770751
2016-06-27,10.671936758893281
2016-06-28,30.039525691699605
2016-06-29,17.391304347826086
2016-06-30,20.948616600790512
2016-07-01,22.924901185770754
