Date,Final_Predicted_Price
2008-09-09,11293.829
2008-09-10,11461.234999999999
2008-09-11,11392.181999999999
2008-09-12,11339.756
2008-09-15,11423.512999999999
2008-09-16,11469.653999999999
2008-09-17,11175.476999999999
2008-09-18,11093.38
2008-09-19,10841.026
2008-09-22,10959.929
2008-09-23,11291.306999999999
2008-09-24,11207.423999999999
2008-09-25,10997.904999999999
2008-09-26,10889.107
2008-09-29,10993.685
2008-09-30,11142.23
2008-10-01,10733.017
2008-10-02,10768.354
2008-10-03,10862.057999999999
2008-10-06,10689.589
2008-10-07,10478.250999999998
2008-10-08,10175.742999999999
2008-10-09,9744.714
2008-10-10,9443.438
2008-10-13,8950.440999999999
2008-10-14,8634.719
2008-10-15,9108.982
2008-10-16,9377.813999999998
2008-10-17,8963.381
2008-10-20,8901.848
2008-10-21,8890.951
2008-10-22,9144.805999999999
2008-10-23,9150.14
2008-10-24,8790.346
2008-10-27,8688.497
2008-10-28,8530.178
2008-10-29,8335.125
2008-10-30,8789.287999999999
2008-10-31,9040.353
2008-11-03,9183.250999999998
2008-11-04,9299.112
2008-11-05,9338.614
2008-11-06,9529.937
2008-11-07,9347.976999999999
2008-11-10,8947.805999999999
2008-11-11,8913.094
2008-11-12,8941.899
2008-11-13,8850.804
2008-11-14,8539.155999999999
2008-11-17,8703.214
2008-11-18,8661.439999999999
2008-11-19,8455.357
2008-11-20,8432.1955
2008-11-21,8209.419
2008-11-24,7814.7565
2008-11-25,7923.5856
2008-11-26,8316.653999999999
2008-11-28,8524.643
2008-12-01,8695.518
2008-12-02,8812.384999999998
2008-12-03,8444.884
2008-12-04,8374.983999999999
2008-12-05,8535.224
2008-12-08,8513.171999999999
2008-12-09,8615.788999999999
2008-12-10,8860.871
2008-12-11,8830.187
2008-12-12,8800.903999999999
2008-12-15,8680.571
2008-12-16,8660.16
2008-12-17,8639.142
2008-12-18,8846.143999999998
2008-12-19,8907.092999999999
2008-12-22,8761.509
2008-12-23,8651.16
2008-12-24,8588.55
2008-12-26,8516.987
2008-12-29,8516.179999999998
2008-12-30,8556.853
2008-12-31,8557.169
2009-01-02,8655.546999999999
2009-01-05,8776.17
2009-01-06,8977.902999999998
2009-01-07,9018.349
2009-01-08,9038.135999999999
2009-01-09,8901.802
2009-01-12,8808.981
2009-01-13,8705.6125
2009-01-14,8591.713
2009-01-15,8531.127999999999
2009-01-16,8369.030999999999
2009-01-20,8289.198999999999
2009-01-21,8315.902999999998
2009-01-22,8144.490400000001
2009-01-23,8197.778999999999
2009-01-26,8203.335
2009-01-27,8161.0905
2009-01-28,8156.433
2009-01-29,8198.266
2009-01-30,8343.501999999999
2009-02-02,8282.161
2009-02-03,8125.41
2009-02-04,8013.8635
2009-02-05,8071.759
2009-02-06,8057.235000000001
2009-02-09,8094.403
2009-02-10,8248.652
2009-02-11,8321.798999999999
2009-02-12,8100.521
2009-02-13,7986.9400000000005
2009-02-17,7972.9934
2009-02-18,7940.707
2009-02-19,7744.202
2009-02-20,7633.809
2009-02-23,7559.514
2009-02-24,7475.941
2009-02-25,7288.9016
2009-02-26,7332.26
2009-02-27,7351.658
2009-03-02,7292.1916
2009-03-03,7178.004
2009-03-04,6945.2775
2009-03-05,6809.033
2009-03-06,6872.0607
2009-03-09,6770.883
2009-03-10,6706.173
2009-03-11,6642.71
2009-03-12,6843.4167
2009-03-13,6979.256
2009-03-16,7150.1315
2009-03-17,7253.213
2009-03-18,7272.7946
2009-03-19,7373.299
2009-03-20,7490.13
2009-03-23,7488.7517
2009-03-24,7392.200400000001
2009-03-25,7638.844
2009-03-26,7741.558
2009-03-27,7795.092000000001
2009-03-30,7911.3405
2009-03-31,7882.2814
2009-04-01,7690.084
2009-04-02,7639.4694
2009-04-03,7750.006
2009-04-06,7954.1354
2009-04-07,8066.698
2009-04-08,8058.2077
2009-04-09,7919.4294
2009-04-13,7872.847400000001
2009-04-14,8029.9777
2009-04-15,8116.7727
2009-04-16,8046.0544
2009-04-17,8051.3454
2009-04-20,8131.521
2009-04-21,8180.7155
2009-04-22,8018.1900000000005
2009-04-23,7988.9636
2009-04-24,7963.2185
2009-04-27,7994.709
2009-04-28,8088.6965
2009-04-29,8102.9484
2009-04-30,8083.161
2009-05-01,8170.863
2009-05-04,8217.581
2009-05-05,8251.342999999999
2009-05-06,8391.328
2009-05-07,8457.38
2009-05-08,8526.359999999999
2009-05-11,8494.377999999999
2009-05-12,8563.081999999999
2009-05-13,8521.312
2009-05-14,8513.15
2009-05-15,8410.667
2009-05-18,8380.733999999999
2009-05-19,8349.457999999999
2009-05-20,8476.403999999999
2009-05-21,8536.6955
2009-05-22,8507.501999999999
2009-05-26,8400.155999999999
2009-05-27,8337.654499999999
2009-05-28,8445.054999999998
2009-05-29,8416.375999999998
2009-06-01,8434.292
2009-06-02,8509.983999999999
2009-06-03,8682.09
2009-06-04,8775.315999999999
2009-06-05,8752.106
2009-06-08,8767.878999999999
2009-06-09,8795.778999999999
2009-06-10,8812.405999999999
2009-06-11,8817.184
2009-06-12,8803.597
2009-06-15,8814.931999999999
2009-06-16,8842.071
2009-06-17,8742.899
2009-06-18,8615.2375
2009-06-19,8559.804
2009-06-22,8589.993999999999
2009-06-23,8606.265
2009-06-24,8484.432999999999
2009-06-25,8397.948999999999
2009-06-26,8361.125
2009-06-29,8460.238
2009-06-30,8502.094
2009-07-01,8554.664999999999
2009-07-02,8526.422999999999
2009-07-06,8533.491999999998
2009-07-07,8413.39
2009-07-08,8369.427
2009-07-09,8276.845
2009-07-10,8239.717999999999
2009-07-13,8240.287999999999
2009-07-14,8223.458999999999
2009-07-15,8321.010999999999
2009-07-16,8396.036
2009-07-17,8569.228
2009-07-20,8710.340999999999
2009-07-21,8773.532
2009-07-22,8846.395999999999
2009-07-23,8921.9875
2009-07-24,8934.421999999999
2009-07-27,9043.294
2009-07-28,9122.125999999998
2009-07-29,9154.81
2009-07-30,9152.863
2009-07-31,9132.863
2009-08-03,9175.133
2009-08-04,9215.42
2009-08-05,9297.965
2009-08-06,9356.442
2009-08-07,9348.661999999998
2009-08-10,9318.983999999999
2009-08-11,9375.052
2009-08-12,9395.698999999999
2009-08-13,9337.438999999998
2009-08-14,9373.152
2009-08-17,9429.246
2009-08-18,9406.098
2009-08-19,9269.679999999998
2009-08-20,9247.743999999999
2009-08-21,9302.661
2009-08-24,9378.104
2009-08-25,9499.559
2009-08-26,9552.429
2009-08-27,9575.028999999999
2009-08-28,9582.846
2009-08-31,9608.871
2009-09-01,9603.453
2009-09-02,9568.472
2009-09-03,9440.877999999999
2009-09-04,9359.072999999999
2009-09-08,9378.473
2009-09-09,9461.871
2009-09-10,9533.443
2009-09-11,9582.391
2009-09-14,9642.596
2009-09-15,9654.543
2009-09-16,9664.035
2009-09-17,9704.442
2009-09-18,9792.935
2009-09-21,9830.836
2009-09-22,9856.835
2009-09-23,9841.6955
2009-09-24,9861.223
2009-09-25,9829.035
2009-09-28,9783.268999999998
2009-09-29,9740.085
2009-09-30,9799.752999999999
2009-10-01,9812.331
2009-10-02,9786.155999999999
2009-10-05,9647.126999999999
2009-10-06,9561.592999999999
2009-10-07,9610.451
2009-10-08,9732.154499999999
2009-10-09,9781.466999999999
2009-10-12,9817.669
2009-10-13,9875.949999999999
2009-10-14,9915.958999999999
2009-10-15,9920.103
2009-10-16,10004.627999999999
2009-10-19,10082.266
2009-10-20,10069.284
2009-10-21,10106.829
2009-10-22,10103.732
2009-10-23,10041.012999999999
2009-10-26,10088.025
2009-10-27,10062.773
2009-10-28,9975.297999999999
2009-10-29,9940.365
2009-10-30,9867.132
2009-11-02,9950.883
2009-11-03,9860.472
2009-11-04,9834.315999999999
2009-11-05,9828.108999999999
2009-11-06,9846.117999999999
2009-11-09,9978.273
2009-11-10,10056.767
2009-11-11,10194.4455
2009-11-12,10268.835
2009-11-13,10312.025
2009-11-16,10270.619999999999
2009-11-17,10288.982
2009-11-18,10395.026
2009-11-19,10469.581999999999
2009-11-20,10482.974
2009-11-23,10421.65
2009-11-24,10380.136999999999
2009-11-25,10452.270999999999
2009-11-27,10489.8625
2009-11-30,10512.447999999999
2009-12-01,10424.909
2009-12-02,10394.099999999999
2009-12-03,10472.726999999999
2009-12-04,10509.371
2009-12-07,10459.539999999999
2009-12-08,10438.882
2009-12-09,10439.849999999999
2009-12-10,10382.100999999999
2009-12-11,10380.126999999999
2009-12-14,10431.783
2009-12-15,10498.076
2009-12-16,10540.028999999999
2009-12-17,10520.304999999998
2009-12-18,10496.525
2009-12-21,10410.66
2009-12-22,10382.126999999999
2009-12-23,10435.678
2009-12-24,10499.265
2009-12-28,10521.375
2009-12-29,10552.144999999999
2009-12-30,10581.931999999999
2009-12-31,10592.617999999999
2010-01-04,10596.346
2010-01-05,10526.202
2010-01-06,10582.304
2010-01-07,10621.132
2010-01-08,10630.610999999999
2010-01-11,10648.051
2010-01-12,10663.476999999999
2010-01-13,10696.848
2010-01-14,10690.917
2010-01-15,10714.164999999999
2010-01-19,10747.338
2010-01-20,10700.925
2010-01-21,10739.454
2010-01-22,10697.761999999999
2010-01-25,10539.615
2010-01-26,10332.444
2010-01-27,10263.706999999999
2010-01-28,10262.858
2010-01-29,10293.351999999999
2010-02-01,10233.187
2010-02-02,10156.653999999999
2010-02-03,10195.551
2010-02-04,10297.889
2010-02-05,10327.250999999998
2010-02-08,10161.121
2010-02-09,10071.295
2010-02-10,9996.951
2010-02-11,10062.938999999998
2010-02-12,10099.496
2010-02-16,10164.842999999999
2010-02-17,10164.623
2010-02-18,10252.942
2010-02-19,10327.973
2010-02-22,10402.814999999999
2010-02-23,10437.4
2010-02-24,10433.777999999998
2010-02-25,10368.921999999999
2010-02-26,10392.97
2010-03-01,10390.011999999999
2010-03-02,10385.48
2010-03-03,10430.517
2010-03-04,10456.866999999998
2010-03-05,10455.849
2010-03-08,10478.909
2010-03-09,10566.154999999999
2010-03-10,10601.422999999999
2010-03-11,10610.983999999999
2010-03-12,10613.598
2010-03-15,10642.594
2010-03-16,10667.663999999999
2010-03-17,10687.176
2010-03-18,10720.377999999999
2010-03-19,10764.405999999999
2010-03-22,10810.1125
2010-03-23,10805.153999999999
2010-03-24,10821.659
2010-03-25,10895.83
2010-03-26,10902.260999999999
2010-03-29,10895.149
2010-03-30,10897.91
2010-03-31,10929.874
2010-04-01,10954.32
2010-04-05,10931.056999999999
2010-04-06,10956.777999999998
2010-04-07,11004.267
2010-04-08,11022.619999999999
2010-04-09,10980.206
2010-04-12,10972.917
2010-04-13,11021.096
2010-04-14,11053.491999999998
2010-04-15,11068.967999999999
2010-04-16,11133.893
2010-04-19,11179.750999999998
2010-04-20,11117.425
2010-04-21,11121.534
2010-04-22,11153.866999999998
2010-04-23,11175.451
2010-04-26,11186.268
2010-04-27,11230.393999999998
2010-04-28,11253.079
2010-04-29,11129.958999999999
2010-04-30,11092.875999999998
2010-05-03,11172.128999999999
2010-05-04,11124.57
2010-05-05,11166.798999999999
2010-05-06,11063.776
2010-05-07,10963.180999999999
2010-05-10,10722.868999999999
2010-05-11,10525.835
2010-05-12,10705.484999999999
2010-05-13,10812.030999999999
2010-05-14,10911.215999999999
2010-05-17,10871.537999999999
2010-05-18,10734.434
2010-05-19,10675.616999999998
2010-05-20,10605.438999999998
2010-05-21,10537.943
2010-05-24,10288.175
2010-05-25,10234.491999999998
2010-05-26,10176.661
2010-05-27,10133.017
2010-05-28,10071.972
2010-06-01,10212.203
2010-06-02,10223.875
2010-06-03,10129.741999999998
2010-06-04,10211.947
2010-06-07,10282.456999999999
2010-06-08,10110.241999999998
2010-06-09,9932.858999999999
2010-06-10,9947.051
2010-06-11,9966.481
2010-06-14,10132.953
2010-06-15,10239.639
2010-06-16,10248.947
2010-06-17,10363.427
2010-06-18,10432.014
2010-06-21,10464.914999999999
2010-06-22,10484.339
2010-06-23,10488.699999999999
2010-06-24,10402.142
2010-06-25,10359.520999999999
2010-06-28,10268.354
2010-06-29,10219.937
2010-06-30,10206.394999999999
2010-07-01,10044.304
2010-07-02,9894.954
2010-07-06,9817.535
2010-07-07,9772.533
2010-07-08,9790.707999999999
2010-07-09,9969.213
2010-07-12,10131.375999999998
2010-07-13,10215.723
2010-07-14,10242.42
2010-07-15,10334.791
2010-07-16,10389.594
2010-07-19,10402.046999999999
2010-07-20,10247.328
2010-07-21,10197.939999999999
2010-07-22,10251.563999999998
2010-07-23,10223.569
2010-07-26,10314.715999999999
2010-07-27,10430.528999999999
2010-07-28,10533.621
2010-07-29,10574.344
2010-07-30,10555.348
2010-08-02,10523.655999999999
2010-08-03,10514.286999999998
2010-08-04,10643.72
2010-08-05,10693.547999999999
2010-08-06,10720.489
2010-08-09,10724.313999999998
2010-08-10,10711.06
2010-08-11,10732.886999999999
2010-08-12,10716.488
2010-08-13,10545.161
2010-08-16,10419.851999999999
2010-08-17,10375.625999999998
2010-08-18,10371.954
2010-08-19,10434.866999999998
2010-08-20,10469.976999999999
2010-08-23,10385.872
2010-08-24,10297.31
2010-08-25,10243.393
2010-08-26,10151.043
2010-08-27,10120.280999999999
2010-08-30,10075.057999999999
2010-08-31,10151.092999999999
2010-09-01,10114.447999999999
2010-09-02,10077.883
2010-09-03,10218.571
2010-09-07,10333.583999999999
2010-09-08,10443.307999999999
2010-09-09,10418.074999999999
2010-09-10,10414.692
2010-09-13,10441.417
2010-09-14,10489.17
2010-09-15,10560.878999999999
2010-09-16,10581.186
2010-09-17,10607.284
2010-09-20,10633.384999999998
2010-09-21,10652.296999999999
2010-09-22,10746.872
2010-09-23,10800.337
2010-09-24,10798.536999999998
2010-09-27,10743.8205
2010-09-28,10836.616999999998
2010-09-29,10870.862
2010-09-30,10898.201
2010-10-01,10894.088
2010-10-04,10860.027
2010-10-05,10869.286999999998
2010-10-06,10835.179
2010-10-07,10930.746
2010-10-08,11002.461
2010-10-11,11009.285
2010-10-12,11034.948999999999
2010-10-13,11052.587
2010-10-14,11065.357
2010-10-15,11116.353
2010-10-18,11141.953
2010-10-19,11127.887999999999
2010-10-20,11165.872
2010-10-21,11091.883
2010-10-22,11123.069
2010-10-25,11178.733999999999
2010-10-26,11192.805999999999
2010-10-27,11208.024
2010-10-28,11217.741999999998
2010-10-29,11195.283
2010-11-01,11175.216999999999
2010-11-02,11172.624
2010-11-03,11178.868999999999
2010-11-04,11220.574999999999
2010-11-05,11256.770999999999
2010-11-08,11399.752999999999
2010-11-09,11474.583999999999
2010-11-10,11465.912999999999
2010-11-11,11415.818
2010-11-12,11402.474999999999
2010-11-15,11364.262999999999
2010-11-16,11293.101999999999
2010-11-17,11267.697999999999
2010-11-18,11159.478
2010-11-19,11093.724999999999
2010-11-22,11180.608999999999
2010-11-23,11248.479
2010-11-24,11247.643
2010-11-26,11147.804
2010-11-29,11186.423999999999
2010-11-30,11171.026
2010-12-01,11130.536999999998
2010-12-02,11083.996
2010-12-03,11216.786
2010-12-06,11359.588
2010-12-07,11419.05
2010-12-08,11412.984999999999
2010-12-09,11401.803
2010-12-10,11410.591999999999
2010-12-13,11419.697
2010-12-14,11448.885999999999
2010-12-15,11474.524
2010-12-16,11511.806999999999
2010-12-17,11515.922999999999
2010-12-20,11537.124
2010-12-21,11544.7375
2010-12-22,11537.625999999998
2010-12-23,11566.619999999999
2010-12-27,11599.912999999999
2010-12-28,11620.636999999999
2010-12-29,11614.895999999999
2010-12-30,11621.544
2010-12-31,11633.429
2011-01-03,11629.849999999999
2011-01-04,11630.962
2011-01-05,11688.738
2011-01-06,11731.277
2011-01-07,11761.770999999999
2011-01-10,11755.831999999999
2011-01-11,11735.667
2011-01-12,11706.172999999999
2011-01-13,11716.497
2011-01-14,11777.854
2011-01-18,11792.974999999999
2011-01-19,11822.107
2011-01-20,11865.898
2011-01-21,11877.027999999998
2011-01-24,11874.918
2011-01-25,11903.426
2011-01-26,11985.759999999998
2011-01-27,12022.205
2011-01-28,12032.146999999999
2011-01-31,12036.05
2011-02-01,11939.868999999999
2011-02-02,11931.997
2011-02-03,12036.076
2011-02-04,12090.636999999999
2011-02-07,12109.929
2011-02-08,12128.92
2011-02-09,12179.389
2011-02-10,12247.3
2011-02-11,12279.215999999999
2011-02-14,12279.655999999999
2011-02-15,12303.938999999998
2011-02-16,12316.457999999999
2011-02-17,12295.670999999998
2011-02-18,12321.224999999999
2011-02-22,12357.197999999999
2011-02-23,12414.920999999998
2011-02-24,12331.64
2011-02-25,12215.840999999999
2011-02-28,12150.82
2011-03-01,12174.784
2011-03-02,12252.737
2011-03-03,12182.862
2011-03-04,12135.112
2011-03-07,12238.225999999999
2011-03-08,12246.007
2011-03-09,12181.912999999999
2011-03-10,12223.197999999999
2011-03-11,12256.92
2011-03-14,12129.961
2011-03-15,12094.309
2011-03-16,12069.582999999999
2011-03-17,11978.739
2011-03-18,11788.614
2011-03-21,11798.904499999999
2011-03-22,11886.2375
2011-03-23,12029.011999999999
2011-03-24,12070.377999999999
2011-03-25,12105.115
2011-03-28,12170.105
2011-03-29,12232.024
2011-03-30,12242.971
2011-03-31,12290.762999999999
2011-04-01,12360.940999999999
2011-04-04,12373.07
2011-04-05,12403.957999999999
2011-04-06,12435.108999999999
2011-04-07,12444.491
2011-04-08,12465.654499999999
2011-04-11,12466.440999999999
2011-04-12,12446.896999999999
2011-04-13,12438.605
2011-04-14,12368.226999999999
2011-04-15,12337.673999999999
2011-04-18,12342.377999999999
2011-04-19,12381.818
2011-04-20,12314.557999999999
2011-04-21,12310.099
2011-04-25,12431.9455
2011-04-26,12524.88
2011-04-27,12533.643999999998
2011-04-28,12593.360999999999
2011-04-29,12684.045
2011-05-02,12766.564999999999
2011-05-03,12824.597
2011-05-04,12842.554
2011-05-05,12847.21
2011-05-06,12801.49
2011-05-09,12698.212
2011-05-10,12688.418
2011-05-11,12728.699999999999
2011-05-12,12792.562
2011-05-13,12736.3625
2011-05-16,12734.947999999999
2011-05-17,12685.119999999999
2011-05-18,12631.608
2011-05-19,12571.612
2011-05-20,12597.103
2011-05-23,12645.030999999999
2011-05-24,12605.536999999998
2011-05-25,12497.249
2011-05-26,12434.167
2011-05-27,12443.779999999999
2011-05-31,12461.849
2011-06-01,12488.618999999999
2011-06-02,12573.315999999999
2011-06-03,12443.466999999999
2011-06-06,12337.741999999998
2011-06-07,12251.047999999999
2011-06-08,12187.792
2011-06-09,12155.478
2011-06-10,12131.842999999999
2011-06-13,12165.177
2011-06-14,12079.073999999999
2011-06-15,12025.675
2011-06-16,12086.525
2011-06-17,12018.5
2011-06-20,12007.731
2011-06-21,12040.018999999998
2011-06-22,12102.930999999999
2011-06-23,12194.119999999999
2011-06-24,12181.518
2011-06-27,12124.894999999999
2011-06-28,12032.918
2011-06-29,12063.49
2011-06-30,12183.757
2011-07-01,12280.974999999999
2011-07-05,12399.271999999999
2011-07-06,12545.296999999999
2011-07-07,12594.807999999999
2011-07-08,12634.403999999999
2011-07-11,12710.213
2011-07-12,12711.449999999999
2011-07-13,12614.044
2011-07-14,12534.181999999999
2011-07-15,12540.305999999999
2011-07-18,12523.824999999999
2011-07-19,12536.032
2011-07-20,12485.422999999999
2011-07-21,12576.002999999999
2011-07-22,12620.171999999999
2011-07-25,12716.110999999999
2011-07-26,12731.714
2011-07-27,12672.526
2011-07-28,12589.572
2011-07-29,12442.929
2011-08-01,12345.883
2011-08-02,12262.1125
2011-08-03,12224.021999999999
2011-08-04,12053.708999999999
2011-08-05,11982.314999999999
2011-08-08,11665.55
2011-08-09,11538.845
2011-08-10,11147.437
2011-08-11,11203.876999999999
2011-08-12,10988.866999999998
2011-08-15,11097.454
2011-08-16,11263.714
2011-08-17,11448.258
2011-08-18,11463.279499999999
2011-08-19,11441.994999999999
2011-08-22,11186.07
2011-08-23,10956.813
2011-08-24,10909.411999999998
2011-08-25,11120.153999999999
2011-08-26,11319.369999999999
2011-08-29,11272.411999999998
2011-08-30,11289.345
2011-08-31,11466.518
2011-09-01,11572.813999999998
2011-09-02,11630.371
2011-09-06,11575.005
2011-09-07,11390.989
2011-09-08,11249.173999999999
2011-09-09,11376.815999999999
2011-09-12,11396.801
2011-09-13,11194.425
2011-09-14,11120.478
2011-09-15,11146.437
2011-09-16,11254.398
2011-09-19,11413.376999999999
2011-09-20,11518.689999999999
2011-09-21,11479.813
2011-09-22,11449.223
2011-09-23,11277.971
2011-09-26,10963.789999999999
2011-09-27,10850.190999999999
2011-09-28,11011.530999999999
2011-09-29,11198.042
2011-09-30,11145.839
2011-10-03,11163.596
2011-10-04,11042.223
2011-10-05,10821.563999999998
2011-10-06,10819.534
2011-10-07,10940.723
2011-10-10,11109.967999999999
2011-10-11,11158.708999999999
2011-10-12,11349.988
2011-10-13,11435.794
2011-10-14,11511.224
2011-10-17,11518.775
2011-10-18,11616.751999999999
2011-10-19,11525.866999999998
2011-10-20,11571.963
2011-10-21,11574.952
2011-10-24,11590.545999999998
2011-10-25,11759.445
2011-10-26,11907.682999999999
2011-10-27,11829.16
2011-10-28,11862.228
2011-10-31,12105.631
2011-11-01,12240.997
2011-11-02,12103.369999999999
2011-11-03,11838.16
2011-11-04,11838.604
2011-11-07,12016.556999999999
2011-11-08,12065.349
2011-11-09,12103.216999999999
2011-11-10,12175.023
2011-11-11,11974.916
2011-11-14,11927.702
2011-11-15,12100.223
2011-11-16,12150.609999999999
2011-11-17,12151.81
2011-11-18,12030.779999999999
2011-11-21,11890.010999999999
2011-11-22,11856.072999999999
2011-11-23,11714.373
2011-11-25,11608.679999999998
2011-11-28,11433.48
2011-11-29,11337.591999999999
2011-11-30,11487.713
2011-12-01,11595.516
2011-12-02,11910.535
2011-12-05,12035.285
2011-12-06,12044.375999999998
2011-12-07,12084.414999999999
2011-12-08,12147.016
2011-12-09,12208.661
2011-12-12,12116.530999999999
2011-12-13,12174.563
2011-12-14,12128.137999999999
2011-12-15,12054.010999999999
2011-12-16,11945.96
2011-12-19,11929.071
2011-12-20,11935.707999999999
2011-12-21,11877.079
2011-12-22,12043.407
2011-12-23,12139.841999999999
2011-12-27,12193.224
2011-12-28,12280.1955
2011-12-29,12318.509999999998
2011-12-30,12244.216999999999
2012-01-03,12286.363
2012-01-04,12284.794
2012-01-05,12385.534
2012-01-06,12450.891
2012-01-09,12465.0
2012-01-10,12429.785
2012-01-11,12432.437
2012-01-12,12484.786
2012-01-13,12503.98
2012-01-17,12517.544
2012-01-18,12492.862
2012-01-19,12515.101999999999
2012-01-20,12590.029499999999
2012-01-23,12651.106
2012-01-24,12727.112
2012-01-25,12749.871
2012-01-26,12731.699999999999
2012-01-27,12772.670999999998
2012-01-30,12785.596
2012-01-31,12742.4875
2012-02-01,12716.224999999999
2012-02-02,12699.294
2012-02-03,12744.929
2012-02-06,12762.869999999999
2012-02-07,12856.32
2012-02-08,12889.675
2012-02-09,12910.871
2012-02-10,12922.239
2012-02-13,12931.565999999999
2012-02-14,12883.886999999999
2012-02-15,12903.951
2012-02-16,12926.125
2012-02-17,12875.182999999999
2012-02-21,12919.121
2012-02-22,12977.572999999999
2012-02-23,13007.672999999999
2012-02-24,12996.757
2012-02-27,13015.533
2012-02-28,13028.009999999998
2012-02-29,13031.574999999999
2012-03-01,13046.562
2012-03-02,13022.771999999999
2012-03-05,13025.9455
2012-03-06,13030.643999999998
2012-03-07,13023.498
2012-03-08,12897.494999999999
2012-03-09,12881.786999999998
2012-03-12,12937.465
2012-03-13,12972.952
2012-03-14,13000.328
2012-03-15,13137.780999999999
2012-03-16,13211.793
2012-03-19,13262.208999999999
2012-03-20,13267.705
2012-03-21,13271.949999999999
2012-03-22,13237.532
2012-03-23,13196.350999999999
2012-03-26,13136.971
2012-03-27,13134.978
2012-03-28,13238.618999999999
2012-03-29,13260.67
2012-03-30,13209.126999999999
2012-04-02,13192.590999999999
2012-04-03,13234.544
2012-04-04,13289.672999999999
2012-04-05,13270.464
2012-04-09,13178.017
2012-04-10,13128.453
2012-04-11,13042.523
2012-04-12,12878.919
2012-04-13,12861.063999999998
2012-04-16,12984.132
2012-04-17,12958.892
2012-04-18,12962.126999999999
2012-04-19,13083.690999999999
2012-04-20,13094.051
2012-04-23,13038.479
2012-04-24,13051.680999999999
2012-04-25,13010.259999999998
2012-04-26,13032.832999999999
2012-04-27,13104.965
2012-04-30,13204.276
2012-05-01,13255.001999999999
2012-05-02,13256.449999999999
2012-05-03,13292.137999999999
2012-05-04,13307.63
2012-05-07,13275.595
2012-05-08,13159.695
2012-05-09,13091.532
2012-05-10,13031.559
2012-05-11,12951.892
2012-05-14,12929.110999999999
2012-05-15,12905.42
2012-05-16,12817.017
2012-05-17,12734.215
2012-05-18,12684.250999999998
2012-05-21,12576.112
2012-05-22,12481.206999999999
2012-05-23,12527.96
2012-05-24,12561.992999999999
2012-05-25,12560.867999999999
2012-05-29,12571.591999999999
2012-05-30,12532.208999999999
2012-05-31,12586.250999999998
2012-06-01,12525.501999999999
2012-06-04,12469.292
2012-06-05,12288.669
2012-06-06,12194.603
2012-06-07,12192.339
2012-06-08,12374.401
2012-06-11,12487.902
2012-06-12,12563.887999999999
2012-06-13,12498.49
2012-06-14,12554.586
2012-06-15,12554.747
2012-06-18,12641.355
2012-06-19,12757.169
2012-06-20,12786.848
2012-06-21,12842.115
2012-06-22,12862.081
2012-06-25,12717.589
2012-06-26,12685.190999999999
2012-06-27,12614.523
2012-06-28,12601.399
2012-06-29,12659.054
2012-07-02,12671.159
2012-07-03,12830.180999999999
2012-07-05,12901.456
2012-07-06,12953.421999999999
2012-07-09,12943.742999999999
2012-07-10,12861.829
2012-07-11,12806.244999999999
2012-07-12,12746.034
2012-07-13,12695.882
2012-07-16,12659.672999999999
2012-07-17,12768.3205
2012-07-18,12795.108
2012-07-19,12832.795
2012-07-20,12909.144999999999
2012-07-23,12963.335
2012-07-24,12907.743999999999
2012-07-25,12814.3
2012-07-26,12718.791
2012-07-27,12723.137999999999
2012-07-30,12867.108999999999
2012-07-31,13046.519999999999
2012-08-01,13105.609999999999
2012-08-02,13067.760999999999
2012-08-03,13026.134
2012-08-06,12960.74
2012-08-07,13069.045999999998
2012-08-08,13147.688999999998
2012-08-09,13197.117999999999
2012-08-10,13213.420999999998
2012-08-13,13209.989
2012-08-14,13234.83
2012-08-15,13227.67
2012-08-16,13223.387999999999
2012-08-17,13219.527
2012-08-20,13269.973
2012-08-21,13310.503999999999
2012-08-22,13319.676
2012-08-23,13277.84
2012-08-24,13239.168
2012-08-27,13159.929
2012-08-28,13186.96
2012-08-29,13192.319
2012-08-30,13174.161
2012-08-31,13164.891
2012-09-04,13098.642
2012-09-05,13120.155999999999
2012-09-06,13108.438999999998
2012-09-07,13103.778999999999
2012-09-10,13248.802
2012-09-11,13328.9
2012-09-12,13312.456
2012-09-13,13335.925
2012-09-14,13361.465
2012-09-17,13497.432999999999
2012-09-18,13594.164999999999
2012-09-19,13597.288999999999
2012-09-20,13594.987
2012-09-21,13607.517
2012-09-24,13629.822
2012-09-25,13630.697
2012-09-26,13616.716999999999
2012-09-27,13550.517
2012-09-28,13494.712
2012-10-01,13521.030999999999
2012-10-02,13511.652
2012-10-03,13545.920999999998
2012-10-04,13542.615
2012-10-05,13541.526
2012-10-08,13589.99
2012-10-09,13634.974999999999
2012-10-10,13633.578
2012-10-11,13561.657
2012-10-12,13452.715
2012-10-15,13401.530999999999
2012-10-16,13394.832999999999
2012-10-17,13452.936
2012-10-18,13553.984999999999
2012-10-19,13593.180999999999
2012-10-22,13590.525
2012-10-23,13463.595
2012-10-24,13406.878999999999
2012-10-25,13257.688999999998
2012-10-26,13176.244999999999
2012-10-31,13172.658
2012-11-01,13179.856
2012-11-02,13170.1955
2012-11-05,13240.411999999998
2012-11-06,13190.644999999999
2012-11-07,13164.435
2012-11-08,13240.733
2012-11-09,13096.637999999999
2012-11-12,12939.329
2012-11-13,12888.207999999999
2012-11-14,12886.996
2012-11-15,12853.662999999999
2012-11-16,12720.353
2012-11-19,12637.072
2012-11-20,12642.089
2012-11-21,12778.563
2012-11-23,12835.822999999999
2012-11-26,12866.275
2012-11-27,12976.728
2012-11-28,13005.014
2012-11-29,12951.149
2012-11-30,12989.054999999998
2012-12-03,13044.08
2012-12-04,13069.1125
2012-12-05,13037.893999999998
2012-12-06,13012.021999999999
2012-12-07,13055.966999999999
2012-12-10,13106.362
2012-12-11,13171.744999999999
2012-12-12,13204.723
2012-12-13,13258.725999999999
2012-12-14,13281.062
2012-12-17,13241.651
2012-12-18,13200.625999999998
2012-12-19,13249.744999999999
2012-12-20,13350.835
2012-12-21,13332.054
2012-12-24,13341.926
2012-12-26,13280.539999999999
2012-12-27,13219.537999999999
2012-12-28,13186.207999999999
2012-12-31,13168.068
2013-01-02,13067.652
2013-01-03,13116.519999999999
2013-01-04,13340.176
2013-01-07,13424.235999999999
2013-01-08,13452.972
2013-01-09,13427.943
2013-01-10,13385.113
2013-01-11,13411.074999999999
2013-01-14,13482.439999999999
2013-01-15,13523.783
2013-01-16,13543.857
2013-01-17,13565.212
2013-01-18,13560.813999999998
2013-01-22,13608.196
2013-01-23,13666.005
2013-01-24,13724.877999999999
2013-01-25,13785.856
2013-01-28,13836.055999999999
2013-01-29,13896.264
2013-01-30,13912.9455
2013-01-31,13958.886999999999
2013-02-01,13956.347
2013-02-04,13921.670999999998
2013-02-05,13997.435
2013-02-06,13963.651
2013-02-07,13994.738
2013-02-08,14020.46
2013-02-11,14002.965
2013-02-12,14020.386999999999
2013-02-13,14019.634999999998
2013-02-14,14045.253999999999
2013-02-15,14036.757
2013-02-19,14023.384
2013-02-20,14024.074999999999
2013-02-21,14059.019999999999
2013-02-22,14011.045999999998
2013-02-25,13954.526
2013-02-26,14006.949999999999
2013-02-27,13911.586
2013-02-28,13924.331
2013-03-01,14049.507
2013-03-04,14092.188999999998
2013-03-05,14112.367999999999
2013-03-06,14140.436
2013-03-07,14229.491
2013-03-08,14295.952
2013-03-11,14336.543
2013-03-12,14390.125
2013-03-13,14444.014
2013-03-14,14467.378999999999
2013-03-15,14477.701
2013-03-18,14533.15
2013-03-19,14545.911
2013-03-20,14509.07
2013-03-21,14494.733
2013-03-22,14528.768
2013-03-25,14493.358
2013-03-26,14524.732
2013-03-27,14506.366
2013-03-28,14558.956
2013-04-01,14566.262999999999
2013-04-02,14592.842999999999
2013-04-03,14601.831
2013-04-04,14656.48
2013-04-05,14615.814999999999
2013-04-08,14623.499
2013-04-09,14611.068
2013-04-10,14633.604
2013-04-11,14681.757
2013-04-12,14777.096
2013-04-15,14851.569
2013-04-16,14873.536999999998
2013-04-17,14719.634999999998
2013-04-18,14743.66
2013-04-19,14699.547999999999
2013-04-22,14626.061
2013-04-23,14602.339
2013-04-24,14611.193
2013-04-25,14705.376999999999
2013-04-26,14718.154999999999
2013-04-29,14722.767
2013-04-30,14731.416
2013-05-01,14800.215999999999
2013-05-02,14845.033
2013-05-03,14774.92
2013-05-06,14816.402
2013-05-07,14933.701
2013-05-08,14978.866999999998
2013-05-09,15035.408
2013-05-10,15087.473
2013-05-13,15094.365
2013-05-14,15116.188999999998
2013-05-15,15113.784
2013-05-16,15186.246
2013-05-17,15257.423999999999
2013-05-20,15255.485999999999
2013-05-21,15319.081
2013-05-22,15340.331
2013-05-23,15375.104
2013-05-24,15343.445
2013-05-28,15320.015
2013-05-29,15321.579
2013-05-30,15389.389
2013-05-31,15355.780999999999
2013-06-03,15343.56
2013-06-04,15220.444
2013-06-05,15248.678
2013-06-06,15232.697
2013-06-07,15089.851999999999
2013-06-10,15071.219
2013-06-11,15203.942
2013-06-12,15255.613
2013-06-13,15186.791
2013-06-14,15074.190999999999
2013-06-17,15142.777999999998
2013-06-18,15127.945
2013-06-19,15173.813999999998
2013-06-20,15277.519999999999
2013-06-21,15195.328
2013-06-24,14936.621
2013-06-25,14856.447999999999
2013-06-26,14774.811
2013-06-27,14801.262999999999
2013-06-28,14905.095
2013-07-01,15007.962
2013-07-02,14966.605
2013-07-03,14972.356
2013-07-05,14960.028999999999
2013-07-08,14989.934
2013-07-09,15094.865
2013-07-10,15191.798999999999
2013-07-11,15266.849
2013-07-12,15285.684
2013-07-15,15390.127999999999
2013-07-16,15442.613
2013-07-17,15468.815999999999
2013-07-18,15460.067
2013-07-19,15469.369999999999
2013-07-22,15525.180999999999
2013-07-23,15548.067
2013-07-24,15552.965
2013-07-25,15567.054
2013-07-26,15559.661999999998
2013-07-29,15563.902999999998
2013-07-30,15569.812
2013-07-31,15550.536999999998
2013-08-01,15540.543
2013-08-02,15526.369999999999
2013-08-05,15596.97
2013-08-06,15647.194
2013-08-07,15631.685
2013-08-08,15564.288999999999
2013-08-09,15510.836
2013-08-12,15514.231
2013-08-13,15479.045999999998
2013-08-14,15456.635999999999
2013-08-15,15467.483
2013-08-16,15406.020999999999
2013-08-19,15241.891
2013-08-20,15156.304999999998
2013-08-21,15095.99
2013-08-22,15069.574999999999
2013-08-23,14995.864
2013-08-26,14997.860999999999
2013-08-27,15031.521999999999
2013-08-28,15003.552
2013-08-29,14882.094
2013-08-30,14857.991999999998
2013-09-03,14873.615
2013-09-04,14862.711
2013-09-05,14865.788999999999
2013-09-06,14924.307999999999
2013-09-09,14953.434
2013-09-10,14949.17
2013-09-11,15028.146999999999
2013-09-12,15143.162999999999
2013-09-13,15266.382
2013-09-16,15293.447999999999
2013-09-17,15339.198999999999
2013-09-18,15434.249
2013-09-19,15497.678
2013-09-20,15605.631
2013-09-23,15626.577
2013-09-24,15518.071
2013-09-25,15444.311
2013-09-26,15391.669
2013-09-27,15341.904499999999
2013-09-30,15355.598
2013-10-01,15322.194
2013-10-02,15224.289999999999
2013-10-03,15217.83
2013-10-04,15191.128999999999
2013-10-07,15094.88
2013-10-08,15096.061
2013-10-09,15026.561
2013-10-10,14896.038999999999
2013-10-11,14857.939999999999
2013-10-14,15047.572
2013-10-15,15198.899
2013-10-16,15272.689999999999
2013-10-17,15207.586
2013-10-18,15297.421999999999
2013-10-21,15353.737
2013-10-22,15387.618999999999
2013-10-23,15394.887999999999
2013-10-24,15442.82
2013-10-25,15435.037999999999
2013-10-28,15484.598
2013-10-29,15546.484999999999
2013-10-30,15568.065999999999
2013-10-31,15637.338
2013-11-01,15631.711
2013-11-04,15580.039999999999
2013-11-05,15602.819
2013-11-06,15636.302
2013-11-07,15635.643
2013-11-08,15706.758
2013-11-11,15648.592999999999
2013-11-12,15713.537999999999
2013-11-13,15764.567
2013-11-14,15759.837
2013-11-15,15794.474
2013-11-18,15845.273
2013-11-19,15915.563999999998
2013-11-20,15950.045
2013-11-21,15953.613
2013-11-22,15915.836
2013-11-25,15967.423999999999
2013-11-26,16029.725999999999
2013-11-27,16055.110999999999
2013-11-29,16059.358999999999
2013-12-02,16075.09
2013-12-03,16077.788999999999
2013-12-04,16033.3625
2013-12-05,15959.98
2013-12-06,15919.988
2013-12-09,15870.974
2013-12-10,15968.804
2013-12-11,16016.622
2013-12-12,15989.764
2013-12-13,15895.474
2013-12-16,15798.818
2013-12-17,15779.304
2013-12-18,15857.769999999999
2013-12-19,15884.110999999999
2013-12-20,16054.015
2013-12-23,16129.176
2013-12-24,16166.271999999999
2013-12-26,16222.145999999999
2013-12-27,16286.322999999999
2013-12-30,16385.583
2013-12-31,16424.559999999998
2014-01-02,16449.843
2014-01-03,16504.843
2014-01-06,16451.226
2014-01-07,16443.152
2014-01-08,16423.726
2014-01-09,16479.943
2014-01-10,16465.325
2014-01-13,16440.59
2014-01-14,16427.607
2014-01-15,16320.413999999999
2014-01-16,16343.655999999999
2014-01-17,16429.131999999998
2014-01-21,16420.325
2014-01-22,16427.808
2014-01-23,16406.915
2014-01-24,16374.5705
2014-01-27,16261.355
2014-01-28,16030.860999999999
2014-01-29,15918.979
2014-01-30,15948.405999999999
2014-01-31,15853.712
2014-02-03,15861.100999999999
2014-02-04,15780.595
2014-02-05,15546.518
2014-02-06,15490.608999999999
2014-02-07,15489.859999999999
2014-02-10,15599.284
2014-02-11,15736.435
2014-02-12,15780.506
2014-02-13,15896.119999999999
2014-02-14,15927.792
2014-02-18,15971.106
2014-02-19,16068.693
2014-02-20,16097.948999999999
2014-02-21,16051.003999999999
2014-02-24,16087.797999999999
2014-02-25,16097.106
2014-02-26,16159.573999999999
2014-02-27,16170.082999999999
2014-02-28,16178.872
2014-03-03,16227.177
2014-03-04,16277.761999999999
2014-03-05,16204.509999999998
2014-03-06,16303.277
2014-03-07,16336.266
2014-03-10,16374.893999999998
2014-03-11,16407.23
2014-03-12,16399.255
2014-03-13,16355.615
2014-03-14,16334.663999999999
2014-03-17,16197.403999999999
2014-03-18,16115.182999999999
2014-03-19,16202.045999999998
2014-03-20,16296.838
2014-03-21,16252.154499999999
2014-03-24,16282.681999999999
2014-03-25,16286.520999999999
2014-03-26,16270.675
2014-03-27,16318.594
2014-03-28,16284.109999999999
2014-03-31,16261.247
2014-04-01,16291.632
2014-04-02,16387.064
2014-04-03,16466.987999999998
2014-04-04,16512.79
2014-04-07,16525.134
2014-04-08,16436.29
2014-04-09,16304.862
2014-04-10,16269.33
2014-04-11,16376.775
2014-04-14,16264.756
2014-04-15,16113.822
2014-04-16,16147.039999999999
2014-04-17,16230.561
2014-04-21,16351.105
2014-04-22,16377.3
2014-04-23,16397.673
2014-04-24,16446.036
2014-04-25,16461.804
2014-04-28,16466.904
2014-04-29,16388.939
2014-04-30,16409.784
2014-05-01,16481.113999999998
2014-05-02,16534.302
2014-05-05,16533.907
2014-05-06,16501.716
2014-05-07,16501.626
2014-05-08,16431.943
2014-05-09,16472.048
2014-05-12,16516.18
2014-05-13,16546.686999999998
2014-05-14,16618.933
2014-05-15,16658.091
2014-05-16,16608.45
2014-05-19,16488.939
2014-05-20,16474.501
2014-05-21,16496.381999999998
2014-05-22,16423.54
2014-05-23,16479.296
2014-05-27,16515.218
2014-05-28,16557.786
2014-05-29,16611.003
2014-05-30,16604.505
2014-06-02,16636.6
2014-06-03,16665.189
2014-06-04,16691.571
2014-06-05,16689.056
2014-06-06,16696.284
2014-06-09,16759.904
2014-06-10,16838.740999999998
2014-06-11,16875.808
2014-06-12,16885.958
2014-06-13,16830.423
2014-06-16,16746.683
2014-06-17,16745.843
2014-06-18,16758.675
2014-06-19,16777.109
2014-06-20,16837.566
2014-06-23,16867.291999999998
2014-06-24,16887.316
2014-06-25,16888.245
2014-06-26,16819.493
2014-06-27,16822.561999999998
2014-06-30,16821.054
2014-07-01,16822.552
2014-07-02,16807.056
2014-07-03,16875.386
2014-07-07,16916.43
2014-07-08,16978.716
2014-07-09,16974.946
2014-07-10,16900.543999999998
2014-07-11,16920.622
2014-07-14,16899.118
2014-07-15,16904.478
2014-07-16,16973.69
2014-07-17,17003.362
2014-07-18,17052.293999999998
2014-07-21,16975.978
2014-07-22,17014.19
2014-07-23,17013.363999999998
2014-07-24,17045.486
2014-07-25,17043.096999999998
2014-07-28,17037.346999999998
2014-07-29,16964.341
2014-07-30,16948.868
2014-07-31,16909.855
2014-08-01,16875.036
2014-08-04,16677.503
2014-08-05,16554.816
2014-08-06,16567.399999999998
2014-08-07,16497.613999999998
2014-08-08,16464.255
2014-08-11,16406.986
2014-08-12,16490.0
2014-08-13,16536.468
2014-08-14,16536.12
2014-08-15,16583.503
2014-08-18,16642.0
2014-08-19,16633.429
2014-08-20,16729.337
2014-08-21,16821.566
2014-08-22,16886.269
2014-08-25,16941.849
2014-08-26,16940.886
2014-08-27,16985.105
2014-08-28,17026.788
2014-08-29,17051.788
2014-09-02,17035.67
2014-09-03,17040.644
2014-09-04,17029.304
2014-09-05,17031.734
2014-09-08,17029.357
2014-09-09,17067.561999999998
2014-09-10,17067.791999999998
2014-09-11,17006.277
2014-09-12,17013.911
2014-09-15,17013.335
2014-09-16,16975.166999999998
2014-09-17,16983.76
2014-09-18,17049.876
2014-09-19,17088.837
2014-09-22,17160.087
2014-09-23,17193.843
2014-09-24,17139.94
2014-09-25,17050.583
2014-09-26,17114.716
2014-09-29,16997.966
2014-09-30,17038.402
2014-10-01,17042.216
2014-10-02,17019.464
2014-10-03,16868.433
2014-10-06,16805.552
2014-10-07,16918.228
2014-10-08,16956.269
2014-10-09,16793.288
2014-10-10,16880.677
2014-10-13,16741.219999999998
2014-10-14,16603.386
2014-10-15,16430.071
2014-10-16,16365.728
2014-10-17,16250.178
2014-10-20,16182.993999999999
2014-10-21,16312.904999999999
2014-10-22,16377.739
2014-10-23,16507.421
2014-10-24,16461.724
2014-10-27,16557.486
2014-10-28,16684.85
2014-10-29,16738.464
2014-10-30,16861.415
2014-10-31,16894.626
2014-11-03,17031.721999999998
2014-11-04,17206.543999999998
2014-11-05,17254.096999999998
2014-11-06,17272.538
2014-11-07,17344.75
2014-11-10,17422.240999999998
2014-11-11,17463.099
2014-11-12,17499.767
2014-11-13,17516.407
2014-11-14,17522.714
2014-11-17,17551.36
2014-11-18,17554.552
2014-11-19,17562.259
2014-11-20,17589.989999999998
2014-11-21,17600.032
2014-11-24,17621.274999999998
2014-11-25,17682.833
2014-11-26,17710.429
2014-11-28,17714.552
2014-12-01,17723.558
2014-12-02,17730.19
2014-12-03,17704.323
2014-12-04,17754.969999999998
2014-12-05,17797.61
2014-12-08,17801.55
2014-12-09,17833.77
2014-12-10,17786.38
2014-12-11,17737.093
2014-12-12,17569.407
2014-12-15,17545.02
2014-12-16,17367.756999999998
2014-12-17,17234.186999999998
2014-12-18,17126.612
2014-12-19,17256.105
2014-12-22,17555.618
2014-12-23,17662.056
2014-12-24,17758.362
2014-12-26,17830.642
2014-12-29,17865.154
2014-12-30,17897.267
2014-12-31,17907.862
2015-01-02,17884.718
2015-01-05,17787.613999999998
2015-01-06,17761.490999999998
2015-01-07,17570.333
2015-01-08,17419.005
2015-01-09,17498.124
2015-01-12,17726.363999999998
2015-01-13,17694.581
2015-01-14,17595.85
2015-01-15,17547.884
2015-01-16,17435.855
2015-01-20,17334.599
2015-01-21,17414.615999999998
2015-01-22,17454.034
2015-01-23,17476.171
2015-01-26,17628.907
2015-01-27,17603.915
2015-01-28,17583.767
2015-01-29,17414.966
2015-01-30,17241.041999999998
2015-02-02,17322.267
2015-02-03,17223.1
2015-02-04,17278.823
2015-02-05,17484.599
2015-02-06,17557.896
2015-02-09,17686.318
2015-02-10,17698.462
2015-02-11,17643.314
2015-02-12,17711.78
2015-02-13,17748.29
2015-02-17,17822.85
2015-02-18,17877.75
2015-02-19,17910.905
2015-02-20,17912.071
2015-02-23,17888.57
2015-02-24,17973.91
2015-02-25,17998.024999999998
2015-02-26,18053.316
2015-02-27,18083.059999999998
2015-03-02,18086.105
2015-03-03,18040.636
2015-03-04,18117.2
2015-03-05,18103.665
2015-03-06,18029.576999999997
2015-03-09,18026.355
2015-03-10,17872.36
2015-03-11,17892.01
2015-03-12,17720.003
2015-03-13,17628.728
2015-03-16,17756.425
2015-03-17,17722.902
2015-03-18,17820.237999999998
2015-03-19,17783.323
2015-03-20,17891.017
2015-03-23,17870.29
2015-03-24,17951.92
2015-03-25,17982.341
2015-03-26,17928.434999999998
2015-03-27,17739.398
2015-03-30,17651.628
2015-03-31,17657.784
2015-04-01,17817.605
2015-04-02,17753.255
2015-04-06,17660.405
2015-04-07,17669.109
2015-04-08,17752.019
2015-04-09,17777.718
2015-04-10,17792.482
2015-04-13,17829.298
2015-04-14,17902.335
2015-04-15,17882.298
2015-04-16,17904.85
2015-04-17,17963.855
2015-04-20,17983.161
2015-04-21,17824.816
2015-04-22,17885.605
2015-04-23,17878.407
2015-04-24,17918.573
2015-04-27,17944.157
2015-04-28,17961.529
2015-04-29,17941.689
2015-04-30,17976.027
2015-05-01,17949.703999999998
2015-05-04,17824.091
2015-05-05,17885.644
2015-05-06,17949.343
2015-05-07,17881.224
2015-05-08,17796.18
2015-05-11,17818.784
2015-05-12,17991.796
2015-05-13,18001.88
2015-05-14,17964.695
2015-05-15,17948.61
2015-05-18,18062.933
2015-05-19,18121.993
2015-05-20,18148.756999999998
2015-05-21,18163.964
2015-05-22,18156.558
2015-05-26,18157.142
2015-05-27,18130.388
2015-05-28,18011.844999999998
2015-05-29,18040.138
2015-06-01,18040.646
2015-06-02,17966.894
2015-06-03,17952.059999999998
2015-06-04,17935.355
2015-06-05,17964.740999999998
2015-06-08,17875.446
2015-06-09,17802.993
2015-06-10,17734.899999999998
2015-06-11,17711.811999999998
2015-06-12,17842.86
2015-06-15,17912.654
2015-06-16,17839.751
2015-06-17,17742.881999999998
2015-06-18,17782.898
2015-06-19,17828.585
2015-06-22,17944.593
2015-06-23,17924.286
2015-06-24,17966.122
2015-06-25,18002.648
2015-06-26,17913.155
2015-06-29,17834.434999999998
2015-06-30,17848.886
2015-07-01,17659.402
2015-07-02,17592.894
2015-07-06,17663.501
2015-07-07,17674.68
2015-07-08,17635.818
2015-07-09,17669.556
2015-07-10,17533.997
2015-07-13,17495.186999999998
2015-07-14,17617.708
2015-07-15,17793.648
2015-07-16,17888.138
2015-07-17,17904.740999999998
2015-07-20,17949.519
2015-07-21,17955.038
2015-07-22,17968.6
2015-07-23,17874.134
2015-07-24,17800.698
2015-07-27,17714.902
2015-07-28,17592.62
2015-07-29,17474.21
2015-07-30,17543.661
2015-07-31,17645.613999999998
2015-08-03,17664.7
2015-08-04,17623.363999999998
2015-08-05,17552.773
2015-08-06,17504.62
2015-08-07,17488.29
2015-08-10,17414.98
2015-08-11,17357.11
2015-08-12,17479.859
2015-08-13,17406.683
2015-08-14,17359.486
2015-08-17,17351.506999999998
2015-08-18,17393.603
2015-08-19,17448.634
2015-08-20,17444.059999999998
2015-08-21,17341.654
2015-08-24,17095.43
2015-08-25,16700.206
2015-08-26,16218.401
2015-08-27,15925.499
2015-08-28,16201.124
2015-08-31,16544.806
2015-09-01,16613.286
2015-09-02,16519.25
2015-09-03,16202.940999999999
2015-09-04,16260.836
2015-09-08,16345.252999999999
2015-09-09,16208.561
2015-09-10,16363.833999999999
2015-09-11,16304.920999999998
2015-09-14,16303.416
2015-09-15,16371.534
2015-09-16,16365.171999999999
2015-09-17,16489.341
2015-09-18,16626.739999999998
2015-09-21,16632.532
2015-09-22,16453.559999999998
2015-09-23,16458.466
2015-09-24,16383.061
2015-09-25,16319.627999999999
2015-09-28,16252.435
2015-09-29,16293.739
2015-09-30,16130.791
2015-10-01,16077.154499999999
2015-10-02,16210.014
2015-10-05,16260.38
2015-10-06,16377.116999999998
2015-10-07,16599.096999999998
2015-10-08,16688.066
2015-10-09,16776.759
2015-10-12,16895.745
2015-10-13,16966.085
2015-10-14,17019.763
2015-10-15,17014.791999999998
2015-10-16,16924.096999999998
2015-10-19,17021.782
2015-10-20,17119.581
2015-10-21,17156.005
2015-10-22,17152.546
2015-10-23,17122.679
2015-10-26,17303.421
2015-10-27,17474.036
2015-10-28,17508.343
2015-10-29,17484.396
2015-10-30,17596.948
2015-11-02,17638.777
2015-11-03,17594.809999999998
2015-11-04,17674.948
2015-11-05,17768.386
2015-11-06,17769.138
2015-11-09,17760.18
2015-11-10,17788.872
2015-11-11,17700.556
2015-11-12,17681.218
2015-11-13,17651.63
2015-11-16,17493.157
2015-11-17,17312.6
2015-11-18,17392.013
2015-11-19,17440.349
2015-11-20,17584.39
2015-11-23,17625.962
2015-11-24,17679.032
2015-11-25,17681.69
2015-11-27,17695.009
2015-11-30,17706.77
2015-12-01,17714.458
2015-12-02,17664.782
2015-12-03,17744.693
2015-12-04,17689.87
2015-12-07,17513.534
2015-12-08,17665.721999999998
2015-12-09,17675.48
2015-12-10,17563.423
2015-12-11,17472.306
2015-12-14,17497.113999999998
2015-12-15,17334.698
2015-12-16,17321.59
2015-12-17,17421.413
2015-12-18,17587.226
2015-12-21,17487.599
2015-12-22,17217.219999999998
2015-12-23,17195.195
2015-12-24,17316.398
2015-12-28,17469.017
2015-12-29,17477.953999999998
2015-12-30,17449.346999999998
2015-12-31,17554.558
